Key,en,zh-Hans,zh-Hant,de,es,fr,hu,ja,ko,ru,pt-br,uk,it,th,tr,sv
MainMenu.TabHeaderLable.Editor,Editor,编辑器,編輯器,Editor,Editor,Éditeur,Szerkesztő,エディター,편집기,Редактор,Editor,редактор,Editore,Editor,Editör,Redaktör
MainMenu.Editor.CharacterPopup.DeleteCharacterPrompt,"Are you sure you want to delete character ""{0}""? This action cannot be undone.",您确定要删除角色“{0}”吗？此操作不可撤销。,您確定要刪除角色“{0}”嗎？此操作無法復原。,"Bist du sicher, dass du den Charakter „{0}“ löschen möchtest? Diese Aktion kann nicht rückgängig gemacht werden.","¿Confirmas que quieres eliminar el personaje ""{0}""? Esta acción no se puede deshacer.","Êtes-vous sûr de vouloir supprimer le personnage ""{0}"" ? Cette action ne peut pas être annulée.","Biztosan törölni szeretné a(z) ""{0}"" karaktert? Ez a művelet nem vonható vissza.",キャラクター「{0}」を削除しますか？この操作は元に戻せません。,"""{0}"" 캐릭터를 삭제하시겠습니까? 이 작업은 되돌릴 수 없습니다.","Вы уверены, что хотите удалить символ ""{0}""? Это действие невозможно отменить.","Você tem certeza que quer excluir o personagem ""{0}""? Essa ação não pode ser desfeita.","Ви впевнені, що бажаєте видалити символ ""{0}""? Цю дію не можна скасувати.","Sei sicuro di voler eliminare il carattere ""{0}""? Questa azione non può essere annullata.","คุณแน่ใจหรือไม่ว่าต้องการลบตัวละคร ""{0}""? การกระทำนี้จะไม่สามารถย้อนกลับมาแก้ไขได้","""{{0}“ isimli karakteri silmek istediğinizden emin misiniz? Bu karar geri alınamaz.","Är du säker på att du vill ta bort tecknet ""{0}""? Denna åtgärd kan inte ångras."
MainMenu.Editor.CharacterPopup.OverwriteCharacterPrompt,"Character ""{0}"" already exist. Are you sure you want to overwrite character ""{0}""? This action cannot be undone.",角色“{0}”已存在。您确定要覆盖角色“{0}”吗？此操作不可撤销。,角色“{0}”已存在。您確定要覆蓋角色“{0}”嗎？此操作無法復原。,"Der Charakter „{0}“ ist bereits vorhanden. Bist du sicher, dass du den Charakter „{0}“ überschreiben möchtest? Diese Aktion kann nicht rückgängig gemacht werden.","El personaje ""{0}"" ya existe. ¿Quieres sobreescribir el personaje ""{0}""? Esta acción no se puede deshacer.","Le personnage ""{0}"" existe déjà. Êtes-vous sûr de vouloir remplacer le personnage « {0} » ? Cette action ne peut pas être annulée.","A(z) ""{0}"" karakter már létezik. Biztosan felül szeretné írni a(z) ""{0}"" karaktert? Ez a művelet nem vonható vissza.",キャラクター「{0}」はすでに存在します。上書きしますか？この操作は元に戻せません。,"캐릭터 ""{0}""이(가) 이미 존재합니다. ""{0}"" 캐릭터를 덮어쓰시겠습니까? 이 작업은 되돌릴 수 없습니다.","Персонаж ""{0}"" уже существует. Вы уверены, что хотите перезаписать символ ""{0}""? Это действие невозможно отменить.","O personagem ""{0}"" já existe. Você tem certeza que quer sobrescrever o personagem ""{0}""? Essa ação não poderá ser desfeita.","Символ ""{0}"" уже існує. Ви впевнені, що бажаєте перезаписати символ ""{0}""? Цю дію не можна скасувати.","Il carattere ""{0}"" esiste già. Sei sicuro di voler sovrascrivere il carattere ""{0}""? Questa azione non può essere annullata.","คุณมีตัวละคร ""{0}"" อยู่แล้ว คุณแน่ใจหรือไม่ว่า ต้องการบันทึกทับตัวละคร ""{0}""? การกระทำนี้ไม่สามารถย้อนกลับมาแก้ไขได้","""{0}“ İsimli karakter halihazırda mevcut. „{0}“ isimli karakterin üstüne yazmak istediğinizden emin misiniz? Bu karar geri alınamaz.","Tecknet ""{0}"" finns redan. Är du säker på att du vill skriva över tecknet ""{0}""? Denna åtgärd kan inte ångras."
MainMenu.Confirm,Confirm,确认,確認,Bestätigen,Confirmar,Confirmer,Erősítse meg,確認,확인,Подтверждать,Confirmar,Підтвердити,Confermare,ยืนยัน,Onayla,Bekräfta
MainMenu.Cancel,Cancel,取消,取消,Abbrechen,Cancelar,Annuler,Mégse,キャンセル,취소,Отмена,Cancelar,Скасувати,Cancellare,ยกเลิก,İptal et,Avboka
MainMenu.Editor.CharacterPopup.SaveCharacterPrompt,Please enter a character name:,请输入角色名：,請輸入角色名：,Bitte gib einen Charakternamen ein:,Por favor ingresa el nombre del personaje:,Veuillez saisir un nom de personnage :,"Kérjük, írjon be egy karakternevet:",キャラクター名を入力してください,캐릭터 이름을 입력해주세요:,"Пожалуйста, введите имя персонажа:",Por favor coloque um nome para o personagem:,"Будь ласка, введіть ім'я персонажа:",Inserisci il nome del personaggio:,โปรดป้อนชื่อตัวละคร:,Lütfen bir karakter ismi giriniz.,Vänligen ange ett teckennamn:
MainMenu.Editor.Model,Models,模型,模型,Modelle,Modelos,Modèles,Modellek,モデル,모델,Модели,Modelos,Моделі,Modelli,โมเดล,Modeller,Modeller
MainMenu.Editor.Character,Character,角色,角色,Charakter,Personaje,Personnage,Karakter,キャラクター,캐릭터,Характер,Personagem,персонаж,Carattere,ตัวละคร,Karakter,Karaktär
MainMenu.Editor.Animation,Animation,动画,動畫,Animation,Animación,Animation,Animáció,アニメーション,애니메이션,Анимация,Animação,Анімація,Animazione,แอนิเมชัน,Animasyon,Animation
MainMenu.Editor.PartsSelection,Choose Parts,部件选择,部件選擇,Teile auswählen,Elije las partes,Choisir des Parties,Válassza az Alkatrészek lehetőséget,パーツ選択,파츠 선택,Выберите детали,Escolha partes,Виберіть частини,Scegli Parti,เลือกชิ้นส่วน,Bölüm Seç,Välj delar
MainMenu.Editor.PartsAdjustment,Adjustment,部件调整,部件調整,Einstellung,Ajustes,Ajustements,Beállítás,調整,세부 조정,Корректирование,Ajuste,коригування,Regolazione,การแก้ไข,Düzenleme,Justering
MainMenu.Search,Search...,搜索……,搜尋……,Suchen...,Buscar...,Recherche...,Keresés...,検索…,검색...,Поиск...,Pesquisar...,пошук...,Ricerca...,ค้นหา...,Ara...,Söka...
MainMenu.Editor.SaveCharacter,Save Character,保存角色,儲存角色,Charakter speichern,Guardar personaje,Enregistrer le Personnage,Karakter mentése,キャラクターを保存,캐릭터 저장,Сохранить персонажа,Salvar personagem,Зберегти символ,Salva personaggio,บันทึกตัวละคร,Karakteri Kaydet,Spara tecken
MainMenu.Editor.Unload,Clear Character,重置角色,重置角色,Charakter zurücksetzen,Limpiar personaje,Réinitialiser le Personnage,Tiszta karakter,キャラクターを初期化,캐릭터 초기화,Ясный характер,Limpar personagem,Чіткий характер,Carattere chiaro,ล้างตัวละคร,Karakteri Sıfırla,Tydlig karaktär
MainMenu.Editor.DeleteCharacter,Delete Character,删除角色,刪除角色,Charakter löschen,Eliminar personaje,Supprimer le Personnage,Karakter törlése,キャラクターを削除,캐릭터 삭제,Удалить персонажа,Deletar personagem,Видалити символ,Elimina carattere,ลบตัวละคร,Karakteri Sil,Ta bort tecken
MainMenu.Editor.UseCustomTextures,Use Custom Textures,使用自定义贴图,使用自訂貼圖,Benutzerdefinierte Texturen verwenden,Utilizar texturas personalizadas,Utiliser des Textures Personnalisées,Egyéni textúrák használata,カスタムテクスチャを使用,사용자 정의 텍스처 사용,Используйте пользовательские текстуры,Usar Texturas Customizadas,Використовуйте спеціальні текстури,Usa texture personalizzate,ใช้ Custom Texture,Özel Doku Kullan,Använd anpassade texturer
MainMenu.Editor.ReloadTextures,Reload Textures,重新加载贴图,重新載入貼圖,Texturen neu laden,Recargar texturas,Recharger les Textures,Textúrák újratöltése,テクスチャを再読み込み,텍스처 다시 불러오기,Перезагрузить текстуры,Recarregar Texturas,Перезавантажити текстури,Ricarica le texture,โหลด Texture ใหม่,Dokuları Yinele,Ladda om texturer
MainMenu.Editor.OpenCustomTextureFolder,Open Custom Texture Folder,打开自定义贴图文件夹,開啟自訂貼圖資料夾,Ordner für benutzerdefinierte Texturen öffnen,Abrir carpeta de texturas personalizada,Ouvrir le Dossier des Textures Personnalisées,Nyissa meg az Egyéni textúra mappát,カスタムテクスチャフォルダを開く,사용자 정의 텍스처 폴더 열기,Открыть папку с пользовательскими текстурами,Abrir Pasta Com Texturas Customizadas,Відкрийте папку Custom Texture,Apri la cartella Texture personalizzata,เปิดโฟลเดอร์ Custom Texture,Özel Doku Klasörünü Aç,Öppna anpassad texturmapp
MainMenu.Editor.Color,Color,颜色,顏色,Farbe,Color,Couleur,Szín,色,색상,Цвет,Cor,Колір,Colore,สี,Renk,Färg
MainMenu.Editor.TintColor,TintColor,浅色,淺色,Tönungsfarbe,TintedeColor,TeinteCouleur,TintColor,色合い,바탕 색상,ОттенокЦвет,CorDaMatiz,TintColor,TintaColore,สีย้อม,Ana Renk,TintColor
MainMenu.Editor.TintBlackColor,TintBlackColor,深色,深色,Dunkle Tönungsfarbe,TinteColorNegro,TeinteNoireCouleur,TintBlackColor,黒の色合い,선화 색상,ОттенокЧерныйЦвет,CorDaMatizPreto,TintBlackColor,TintaNeroColore,สีย้อมดำ,Alt Renk,NyansSvartFärg
MainMenu.Editor.LICENSE,LICENSE,使用条款,使用條款,LIZENZ,LICENCIA,LICENCE,ENGEDÉLY,ライセンス,라이선스,ЛИЦЕНЗИЯ,LICENÇA,ЛІЦЕНЗІЯ,LICENZA,ใบอนุญาตซอฟต์แวร์ (LICENSE),LİSANS,LICENS
MainMenu.Editor.AssetTypeAA,Built-in,内置,內建模型,Standard-Assets,Texturas Predeterminadas,Actifs par Défaut,Alapértelmezett eszközök,標準アセット,기본 에셋,Активы по умолчанию,Assets Padrão,Активи за замовчуванням,Asset predefiniti,Default Assets,Standart İçerikler,Standardtillgångar
MainMenu.Editor.AssetTypeSA,Third-Party,第三方,第三方模型,Drittanbieter-Assets,Texturas de Terceros,Assets Applications Tierces,Harmadik féltől származó eszközök,外部アセット,외부 에셋,Сторонние активы,Assets de Terceiros,Активи третіх сторін,Beni di terzi,Asset ของบุคคลที่สาม,Üçüncü Parti İçerikler,Tredjepartstillgångar
MainMenu.Editor.CharacterPopup.CharacterNameEmpty,Name cannot be empty.,角色名不得为空。,角色名不得為空。,Der Name darf nicht leer sein.,El nombre no puede estar vacío.,Le nom ne peut pas être vide.,A név nem lehet üres.,名前は空にできません,이름은 비워둘 수 없습니다.,Имя не может быть пустым.,O nome não pode estar vazio.,Назва не може бути пустою.,Il nome non può essere vuoto.,ชื่อต้องไม่ว่างเปล่า,İsim boş bırakılamaz.,Namnet får inte vara tomt.
MainMenu.Editor.CharacterPopup.CharacterNameLength,Name cannot exceed {0} characters.,角色名不得超过{0}个字符。,角色名不得超過{0}個字元。,Der Name darf nicht länger als {0} Zeichen sein.,El nombre no puede exceder los {0} caracteres.,Le nom ne peut pas dépasser {0} caractères.,A név nem haladhatja meg a {0} karaktert.,名前は{0}文字以内で入力してください,이름은 {0}자를 초과할 수 없습니다.,Имя не может превышать {0} символов.,O nome não pode exceder {0} caracteres.,Назва не може перевищувати {0} символів.,Il nome non può contenere più di {0} caratteri.,ชื่อต้องไม่เกิน {0} ตัวอักษร,"İsim, {0} harfi geçemez.",Namnet får inte överstiga {0} tecken.
MainMenu.Editor.CharacterPopup.CharacterNameInvalidCharacter,"Name cannot contain the character ""{0}"".",角色名不得包含特殊字符“{0}”。,角色名不得包含特殊字元“{0}”。,Der Name darf das Zeichen „{0}“ nicht enthalten.,"El nombre no puede contener el carácter ""{0}"".","Le nom ne peut pas contenir le caractère ""{0}"".","A név nem tartalmazhatja a ""{0}"" karaktert.",名前に「{0}」は使用できません,"이름에는 ""{0}"" 문자를 포함할 수 없습니다.",Имя не может содержать символ «{0}».,"O nome não pode conter o caractere ""{0}"".","Назва не може містити символ ""{0}"".","Il nome non può contenere il carattere ""{0}"".","ชื่อต้องไม่มีอักขระ ""{0}""","İsimde ""{0}“ sembolü olamaz.","Namnet får inte innehålla tecknet ""{0}""."
MainMenu.Editor.CharacterPopup.CharacterNameReserved,"""{0}"" is a reserved name and cannot be used.",“{0}”是系统保留关键词，不能作为角色名。,“{0}”是系統保留關鍵詞，不能作爲角色名。,„{0}“ ist ein reservierter Name und kann nicht verwendet werden.,"""{0}"" es un nombre reservado y no se puede utilizar.","""{0}"" est un nom réservé et ne peut pas être utilisé.","""{0}"" egy lefoglalt név, és nem használható.",「{0}」は予約済みキーワードのため使用できません,"""{0}""은(는) 사용 중인 이름이므로 사용할 수 없습니다.","«{0}» — зарезервированное имя, и его нельзя использовать.","O nome ""{0}"" é reservado e não pode ser usado.","""{0}"" є зарезервованою назвою, і її не можна використовувати.","""{0}"" è un nome riservato e non può essere utilizzato.","""{0}"" เป็นชื่อที่สงวนไว้และไม่สามารถใช้งานได้","""{0}“ ismi rezerve bir isimdir ve kullanılamaz.","""{0}"" är ett reserverat namn och kan inte användas."
MainMenu.Editor.CharacterPopup.CharacterNameEndWithDot,Name cannot end with a dot.,角色名不能以点结尾。,角色名不能以點結尾。,Der Name darf nicht mit einem Punkt enden.,El nombre no puede terminar con un punto.,Le nom ne peut pas se terminer par un point.,A név nem végződhet ponttal.,名前をドットで終えることはできません,이름은 마침표(.)로 끝날 수 없습니다.,Имя не может заканчиваться точкой.,O nome não pode terminar com um ponto.,Назва не може закінчуватися крапкою.,Il nome non può terminare con un punto.,ชื่อต้องไม่ลงท้ายด้วยจุด,İsim nokta ile bitemez.,Namnet kan inte sluta med en punkt.
MainMenu.Editor.CharacterPopup.CharacterNameOnlySpaces,Name cannot contain only spaces.,角色名不能只包含空格。,角色名不能只包含空格。,Der Name darf nicht nur Leerzeichen enthalten.,El nombre no puede contener solo espacios.,Le nom ne peut pas contenir uniquement des espaces.,A név nem tartalmazhat csak szóközt.,名前を空白のみにはできません,이름을 공백으로만 설정할 수 없습니다.,Имя не может содержать только пробелы.,O nome não pode conter apenas espaços.,Назва не може містити лише пробіли.,Il nome non può contenere solo spazi.,ชื่อต้องไม่ประกอบด้วยช่องว่างเพียงอย่างเดียว,İsim sadece boşluktan oluşamaz.,Namn får inte bara innehålla mellanslag.
MainMenu.Editor.UnloadCurrentModel,Unload Current Model,关闭当前模型,關閉當前模型,Aktuelles Modell entladen,Dejar de usar modelo actual,Décharger le modèle actuel,Töltse ki az aktuális modellt,モデルの読み込みを解除,현재 모델 닫기,Выгрузить текущую модель,Descarregar modelo atual,Вивантажити поточну модель,Scarica il modello corrente,Unload โมเดลปัจจุบัน,Ekrandaki modeli kaldır,Lossa aktuell modell
MainMenu.Settings.GeneralSettings,General Settings,一般设置,一般設定,Allgemeine Einstellungen,Configuraciones generales,Paramètres généraux,Általános beállítások,一般設定,일반 설정,Общие настройки,Configurações gerais,Загальні налаштування,Impostazioni generali,การตั้งค่าทั่วไป,Genel Ayarlar,Allmänna inställningar
MainMenu.Settings.GeneralSettings.Language,Language,语言,語言,Sprache,Idioma,Langue,Nyelv,言語,언어,Язык,Língua,Мова,Lingua,ภาษา,Dil,Språk
MainMenu.Settings.ViewportSettings,Viewport Settings,视窗设置,視窗設定,Vorschau-Einstellungen,Configuración de la ventana gráfica,Paramètres de la fenêtre,Nézetablak beállításai,ビューポート設定,작업 화면 설정,Настройки видового экрана,Configurações de visualização,Налаштування вікна перегляду,Impostazioni della vista,การตั้งค่า Viewport,Model Alanı Tuş Ayarları,Viewport-inställningar
MainMenu.Settings.ViewportSettings.ViewportZoomSpeed,Zoom Speed,模型缩放速度,模型縮放速度,Zoomgeschw.,Velocidad de zoom,Vitesse de zoom,Zoom Speed,ズーム速度,확대/축소 속도,Скорость масштабирования,Velocidade do Zoom,Швидкість масштабування,Velocità dello zoom,ความเร็วในการ Zoom,Yakınlaştırma Hızı,Zoomhastighet
MainMenu.Settings.ViewportSettings.ViewportRotationSpeed,Rotation Speed,模型旋转速度,模型旋轉速度,Rotationsgeschw.,Velocidad de rotación,Vitesse de rotation,Forgási sebesség,回転速度,회전 속도,Скорость вращения,Velocidade de rotação,Швидкість обертання,Velocità di rotazione,ความเร็ว Rotation,Döndürme Hızı,Rotationshastighet
MainMenu.Settings.ViewportSettings.ModelScale,Model Scale,模型尺寸,模型尺寸,Modellmaßstab,Escala del model,Échelle du modèle,Modell skála,モデルスケール,모델 크기,Масштаб модели,Escala do modelo,Масштаб моделі,Scala del modello,Model Scale,Modele Odakla,Modellskala
MainMenu.Settings.ViewportSettings.ModelOffsetHorizontal,Offset Horizontal,位置水平偏移,位置水平偏移,Horizontaler Versatz,Desplazamiento horizontal,Décalage horizontal,Eltolás Vízszintes,水平オフセット,수평 오프셋,Смещение по горизонтали,Deslocamento horizontal,Зміщення по горизонталі,Scostamento orizzontale,Offset แนวนอน,Yatay Ofset,Offset horisontell
MainMenu.Settings.ViewportSettings.ModelOffsetVertical,Offset Vertical,位置垂直偏移,位置垂直偏移,Vertikaler Versatz,Desplazamiento vertical,Décalage vertical,Függőleges eltolás,垂直オフセット,수직 오프셋,Смещение по вертикали,Deslocamento vertical,Зміщення по вертикалі,Offset verticale,Offset แนวตั้ง,Dikey Ofset,Offset Vertikal
MainMenu.Settings.ViewportSettings.ResetViewportSettings,Reset Viewport Settings,重置视窗设置,重置視窗設定,Vorschau-Einstellungen zurücksetzen,Restablecer la configuración de la ventana gráfica,Réinitialiser les paramètres de la fenêtre,Állítsa vissza a nézetablak beállításokat,ビューポート設定をリセット,작업 화면 설정 초기화,Сбросить настройки видового экрана,Resetar opções de visualização,Скинути налаштування вікна перегляду,Ripristina le impostazioni della vista,รีเซ็ตการตั้งค่า Viewport,Model Alanı Tuş Ayarlarını Sıfırla,Återställ Viewport Settings
MainMenu.Settings.ExportSettings,Animation Export Settings,动画输出设置,動畫匯出設定,Animationsexport-Einstellungen,Configuración de exportación de animación,Paramètres d'exportation d'animations,Animáció exportálási beállításai,アニメーション書き出し設定,애니메이션 저장 설정,Настройки экспорта анимации,Opções de exportação de animação,Параметри експорту анімації,Impostazioni di esportazione dell'animazione,การตั้งค่า Animation Export,Animasyon Dışarı Aktarma Ayarları,Animation Export Settings
MainMenu.Settings.ExportSettings.SaveLocation,Save Location,保存位置,儲存位置,Speicherort,Ubicación de guardado,Enregistrer l'emplacement,Hely mentése,保存先,저장 경로,Сохранить местоположение,Local de salvamento,Зберегти місцезнаходження,Salva posizione,ตำแหน่งการบันทึก,Kayıt Lokasyonu,Spara plats
MainMenu.Settings.ExportSettings.ExportPresets,Export Presets,输出预置,匯出預設,Voreinstellungen,Exportar ajustes preestablecidos,Exporter les préréglages,Előbeállítások exportálása,書き出しプリセット,프리셋 내보내기,Экспорт пресетов,Exportar predefinições,Експорт пресетів,Esporta preimpostazioni,Export Presets,Dışa Aktarım Ön Ayarları,Exportera förinställningar
MainMenu.Settings.ExportSettings.Encoder,Encoder,编码器,編碼器,Encoder,Codificador,Encodeur,Kódoló,エンコーダー,인코더,Кодер,Codificador,Кодувальник,Codificatore,Encoder,Encoder,Encoder
MainMenu.Settings.ExportSettings.Width,Width,宽度,寬度,Breite,Ancho,Largeur,Szélesség,幅,너비,Ширина,Largura,Ширина,Larghezza,ความกว้าง,Genişlik,Bredd
MainMenu.Settings.ExportSettings.Height,Height,高度,高度,Höhe,Altura,Hauteur,Magasság,高さ,높이,Высота,Altura,Висота,Altezza,ความสูง,Yükseklik,Höjd
MainMenu.Settings.ExportSettings.FPS,FPS,帧率,幀率,FPS,FPS,FPS,FPS,FPS,FPS,ФПС,FPS,FPS,FPS,FPS,FPS,FPS
MainMenu.Settings.ExportSettings.LimitMaxFrameCount,Limit Max. Frame Count,限制最大帧数,限制最大幀數,Max. Frame-Anzahl begrenzen,Límite máximo de conteo de fotogramas,Limite Max. Nombre d'images,Limit Max. Képkockaszám,最大フレーム数を制限,최대 프레임 수 제한,Ограничение Макс. Количество кадров,Limite máximo. Quantidade de Quadros,Обмеження Макс. Кількість кадрів,Limite massimo Conteggio fotogrammi,จำกัดจำนวนเฟรมสูงสุด,Maks. Kare Hızını Limitle,Begränsning Max. Antal ramar
MainMenu.Settings.ExportSettings.MaxFrameCount,Max. Frame Count,最大帧数,最大幀數,Max. Frame-Anzahl,Conteo máximo de fotogramas,Max. Nombre d'images,Max. Képkockaszám,最大フレーム数,최대 프레임 수,Макс. Количество кадров,Máximo. Quantidade de Quadros,Макс. Кількість кадрів,Massimo. Conteggio fotogrammi,จำนวนเฟรมสูงสุด,Maks. Kare Hızı,Max. Antal ramar
MainMenu.Settings.ExportSettings.AlphaThreshold,Alpha Threshold,透明阈值,透明閾值,Alpha-Schwelle,Umbral alfa,Seuil alpha,Alfa-küszöb,アルファしきい値,투명도 임계값,Альфа-порог,Limiar alpha,Альфа-поріг,Soglia alfa,Alpha Threshold,Başlangıç Değeri,Alfatröskel
MainMenu.Settings.ExportSettings.EnableDithering,Enable Dithering,使用颜色抖动,使用顏色抖動,Dithering aktivieren,Habilitar tramado,Activer le tramage,Dithering engedélyezése,ディザリングを有効化,디더링 활성화,Включить сглаживание,Ativar Suavização de Cores,Увімкнути дизерінг,Abilita dithering,เปิดใช้งาน Dithering,Titremeye İzin Ver,Aktivera dithering
MainMenu.Settings.ExportSettings.ResetExportSettings,Reset Export Settings,重置输出设置,重置匯出設定,Exporteinstellungen zurücksetzen,Restablecer configuración de exportación,Réinitialiser les paramètres d'exportation,Állítsa vissza az exportálási beállításokat,書き出し設定をリセット,저장 설정 초기화,Сбросить настройки экспорта,Resetar Opções de Exportação,Скинути налаштування експорту,Ripristina le impostazioni di esportazione,รีเซ็ตการตั้งค่า Export,Dışarı Aktarma Ayarlarını Sıfırla,Återställ exportinställningar
MainMenu.Editor.Export,Export Emote,导出动画,匯出動畫,Emote exportieren,Exportar emote,Exporter une émoticône,Export Emote,エモートを書き出し,이모트 내보내기,Экспортировать эмоцию,Exportar Emote,Експорт Emote,Esporta emoticon,Export Emote,Emoji Dışa Aktar,Exportera Emote
LicensePopup.ThirdPartyLicense.Notice,License provided by the model creator. Displayed for reference only and does not represent the EmoteLab developer’s views or legal position. ,许可信息由模型作者提供。仅作展示，不代表 EmoteLab 开发者立场。,許可資訊由模型作者提供。僅作展示，不代表 EmoteLab 開發者立場。,Lizenz vom Modellersteller bereitgestellt. Wird nur als Referenz angezeigt und gibt nicht die Ansichten oder Rechtsposition des EmoteLab-Entwicklers wieder.,Licencia proporcionada por el creador del modelo. Se muestra solo como referencia y no representa las opiniones ni la posición legal del desarrollador de EmoteLab.,Licence fournie par le créateur du modèle. Affiché à titre de référence uniquement et ne représente pas les opinions ou la position juridique du développeur EmoteLab.,"A modell készítője által biztosított licenc. Csak referenciaként jelenik meg, és nem képviseli az EmoteLab fejlesztő nézeteit vagy jogi álláspontját.",ライセンスはモデル制作者が提供したものです。参考情報として表示されており、EmoteLab開発者の見解や法的立場を示すものではありません。,모델 제작자가 제공하는 라이선스입니다. 참고용으로만 표시되며 EmoteLab 개발자의 견해나 법적 입장을 나타내지 않습니다.,Лицензия предоставлена ​​создателем модели. Отображается только для справки и не отражает точку зрения или правовую позицию разработчика EmoteLab.,Licença provida pelo criador do modelo. Apresentada apenas para referência e não representa as ideias ou posicionamento legal dos desenvolvedores do Emotelab.,Ліцензія надана розробником моделі. Відображається лише для довідки та не відображає поглядів або правової позиції розробника EmoteLab.,Licenza fornita dal creatore del modello. Visualizzato solo come riferimento e non rappresenta le opinioni o la posizione legale dello sviluppatore EmoteLab.,ลิขสิทธิ์ได้รับจากผู้สร้างโมเดล แสดงไว้เพื่อเป็นข้อมูลอ้างอิงเท่านั้น และไม่ได้แสดงถึงความคิดเห็นหรือจุดยืนทางกฎหมายของผู้พัฒนา EmoteLab,"Lisans, modelin yaratıcısı tarafından sağlanmıştır. Yalnızca referans amacıyla gösterilmiştir ve EmoteLab geliştiricisinin görüşlerini veya yasal konumunu temsil etmemektedir.",Licens tillhandahållen av modellskaparen. Visas endast som referens och representerar inte EmoteLab-utvecklarens åsikter eller rättsliga ställning.
LicensePopup.ThirdPartyLicense.NotFound,"The creator of this third-party model has not provided a license or usage terms with the model. Before using this model in public, commercial, or professional contexts, you should confirm the permitted scope of use directly with the model's creator.",该第三方模型的作者未随模型提供许可协议或使用说明。在将该模型用于公开、商业或专业场景前，建议您自行与模型作者确认其允许的使用范围。,該第三方模型的作者未隨模型提供許可協議或使用說明。在將該模型用於公開、商業或專業場景前，建議您自行與模型作者確認其允許的使用範圍。,Lizenz nicht gefunden. Bestätige die erlaubte Nutzung mit dem Ersteller.,Licencia no encontrada. Confirmar el uso permitido con el creador.,Licence introuvable. Confirmez l'utilisation autorisée auprès du créateur.,Az engedély nem található. Az engedélyezett felhasználás megerősítése az alkotóval.,ライセンスが見つかりません。使用許可は制作者に確認してください。,라이선스를 찾을 수 없습니다. 제작자에게 허용된 사용 범위를 확인하세요.,Лицензия не найдена. Подтвердите разрешенное использование у создателя.,Licença não encontrada. Confirme com o criador se o uso é permitido.,"Творець цієї сторонньої моделі не надав ліцензію чи умови використання разом із моделлю. Перш ніж використовувати цю модель у публічному, комерційному чи професійному контексті, ви повинні підтвердити дозволену сферу використання безпосередньо у творця моделі.",Licenza non trovata. Conferma l'uso consentito con il creatore.,ไม่พบใบอนุญาตการใช่งาน โปรดยืนยันการใช้งานที่ได้รับอนุญาตกับผู้สร้าง,Lisans bulunamadı. Lütfen kullanım iznini yapımcıyla teyit edin.,"Skaparen av den här tredjepartsmodellen har inte tillhandahållit en licens eller användningsvillkor med modellen. Innan du använder den här modellen i offentliga, kommersiella eller professionella sammanhang bör du bekräfta den tillåtna användningsomfånget direkt med modellens skapare."
LicensePopup.Close,Close,关闭,關閉,Schließen,Cerrar,Fermer,Közeli,閉じる,닫기,Закрывать,Fechar,Закрити,Vicino,ปิด,Kapat,Nära
MainMenu.Editor.OpenExportFolder,Open Export Folder,打开输出文件夹,開啟匯出資料夾,Exportordner öffnen,Abrir carpeta de exportación,Ouvrir le dossier d'exportation,Nyissa meg az Exportálás mappát,書き出しフォルダを開く,저장 폴더 열기,Открыть папку экспорта,Abre Pasta de Exportação,Відкрийте папку експорту,Apri la cartella di esportazione,เปิดโฟลเดอร์ Export,Dışa Aktarılan Dosyayı Göster,Öppna Exportmapp
MainMenu.Settings.ModelSettings.LoadSampleCharacters,Load Sample Characters for Built-in Models,加载内置模型角色示例,載入內建模型角色示例,Beispiel-Charaktere für integrierte Modelle laden,Cargar modelos de prueba para modelos integrados,Charger des exemples de personnages pour les modèles intégrés,Töltsön be mintakaraktereket a beépített modellekhez,組み込みモデルのサンプルキャラクターを読み込む,기본 제공 모델의 샘플 캐릭터 불러오기,Загрузка образцов символов для встроенных моделей,Carregar Personagens de Exemplo para Modelos Pré-criados,Завантажте зразки символів для вбудованих моделей,Carica caratteri di esempio per i modelli incorporati,โหลดตัวละครตัวอย่าง,Gömülü Modeller için Örnek Karakterler Yükle,Ladda provtecken för inbyggda modeller
MainMenu.Settings.ModelSettings,Model Settings,模型设置,模型設定,Modelleinstellungen,Configuración del modelo,Paramètres du modèle,Modell beállításai,モデル設定,모델 설정,Настройки модели,Configurações de Modelo,Параметри моделі,Impostazioni del modello,การตั้งค่าโมเดล,Model Ayarları,Modellinställningar
MainMenu.Editor.CharacterPopup.SavingCharacter,Saving Character Data...,保存角色数据,儲存角色資料,Charakterdaten werden gespeichert...,Guardando datos de personaje…,Enregistrement des données du personnage...,Karakteradatok mentése...,キャラクターデータを保存中…,캐릭터 데이터를 저장하는 중...,Сохранение данных персонажа...,Salvando Dados do Personagem...,Збереження даних символів...,Salvataggio dei dati del personaggio...,กำลังบันทึกข้อมูลตัวละคร...,Karakter Verileri Kaydediliyor...,Sparar teckendata...
MainMenu.Editor.CharacterPopup.LoadingCharacter,Loading Character...,加载角色,載入角色,Charakter wird geladen...,Cargando personaje...,Chargement du personnage...,Karakter betöltése...,キャラクターを読み込み中…,캐릭터 불러오는 중...,Загрузка персонажа...,Carregando Personagem...,Завантаження символу...,Caricamento carattere...,กำลังโหลดตัวละคร...,Karakter Yükleniyor...,Laddar tecken...
MainMenu.Info.ThirdPartyLicense,Third Party Licenses,第三方授权许可,第三方授權許可,Lizenzen Dritter,Licencias de terceros,Licences tierces,Harmadik fél licencei,外部ライセンス,제3자 라이선스,Лицензии третьих лиц,Licença de Terceiros,Ліцензії третіх осіб,Licenze di terze parti,ใบอนุญาติของบุคคลที่สาม,Üçüncü Parti Lisansları,Tredjepartslicenser
MainMenu.Info.EmoteLabEULA,End User License Agreement (EULA),最终用户许可协议（EULA）,終端使用者許可協議（EULA）,Endbenutzer-Lizenzvereinbarung (EULA),Acuerdo de licencia de usuario final (EULA),Contrat de licence utilisateur final (CLUF),Végfelhasználói licencszerződés (EULA),エンドユーザーライセンス契約（EULA）,최종 사용자 라이선스 계약(EULA),Лицензионное соглашение с конечным пользователем (EULA),Contrato de Licença de Usuário Final (EULA),Ліцензійна угода кінцевого користувача (EULA),Contratto di licenza con l'utente finale (EULA),ข้อตกลงใบอนุญาตผู้ใช้ปลายทาง (EULA),Son Kullanıcı Lisans Anlaşması (EULA),Slutanvändarlicensavtal (EULA)
MainMenu.Info.Documentation,Documentation,帮助文档,幫助文件,Dokumentation,Documentación,Documentation,Dokumentáció,ドキュメント,사용 설명서,Документация,Documentação,Документація,Documentazione,เอกสารประกอบ (Documentation),Dokümantasyon,Dokumentation
MainMenu.Info.Discord,Join Our Discord,加入我们的Discord,加入我們的Discord,Tritt unserem Discord bei,Únete a nuestro Discord,Rejoignez notre Discord,Csatlakozz Discordunkhoz,Discordに参加,디스코드 참여하기,Присоединяйтесь к нашему дискорду,Entre no Nosso Discord,Приєднуйтесь до нашого Discord,Unisciti alla nostra discordia,เข้าร่วม Discord ของเรา,Discord'umuza Katıl,Gå med i vår discord
MainMenu.Settings.ExportSettings.PresetsInfo,"This preset sets the correct format and dimensions. Very long animations may exceed platform file size limits, and some platforms restrict certain content.",此预设会设置正确的格式和尺寸。过长的动画可能会超出平台文件大小限制，某些内容可能不被特定平台允许。,此預設會設定正確的格式和尺寸。過長的動畫可能會超出平臺檔案大小限制，某些內容可能不被特定平臺允許。,Diese Voreinstellung legt das richtige Format und die richtigen Abmessungen fest. Sehr lange Animationen können die Dateigrößenbeschränkungen der Plattform überschreiten und einige Plattformen schränken bestimmte Inhalte ein.,Este ajuste preestablecido establece el formato y las dimensiones correctos. Las animaciones muy largas pueden exceder los límites de tamaño o de archivo de la plataforma y algunas plataformas restringen cierto contenido.,"Ce préréglage définit le format et les dimensions corrects. Les animations très longues peuvent dépasser les limites de taille de fichier de la plateforme, et certaines plateformes restreignent certains contenus.","Ez az előbeállítás beállítja a megfelelő formátumot és méreteket. A nagyon hosszú animációk meghaladhatják a platform fájlméret-korlátait, és egyes platformok korlátoznak bizonyos tartalmakat.",このプリセットは適切な形式とサイズを設定します。非常に長いアニメーションはプラットフォームのファイルサイズ制限を超える場合があります。また、一部のプラットフォームでは特定のコンテンツが制限される場合があります。,"이 프리셋은 올바른 포맷과 크기를 자동으로 설정합니다. 단, 애니메이션이 너무 길면 플랫폼의 파일 용량 제한을 초과할 수 있으며, 일부 플랫폼에서는 특정 콘텐츠의 사용을 제한할 수 있습니다.","Этот пресет устанавливает правильный формат и размеры. Очень длинные анимации могут превышать ограничения размера файла платформы, а некоторые платформы ограничивают определенный контент.","Essa predefinição aplica as formas e dimensões corretas. Animações muito longas podem exceder o limite de arquivos da plataforma, e certas plataformas restringem certos conteúdos.","Цей стиль встановлює правильний формат і розміри. Дуже довгі анімації можуть перевищувати обмеження розміру файлу платформи, а деякі платформи обмежують певний вміст.",Questa preimpostazione imposta il formato e le dimensioni corretti. Le animazioni molto lunghe potrebbero superare i limiti di dimensione dei file della piattaforma e alcune piattaforme limitano determinati contenuti.,การตั้งค่าของ Preset จะกำหนดรูปแบบและขนาดที่ถูกต้อง แอนิเมชันที่มีความยาวมากอาจเกินขีดจำกัดขนาดไฟล์ของแพลตฟอร์ม และบางแพลตฟอร์มอาจจำกัดเนื้อหาบางประเภท,Bu ön ayar doğru formatı ve boyutları doğru ayarlar. Çok uzun animasyonlar platformların boyut limitini aşabilir. Aynı zamanda bazı platformlar belli başlı içeriklere izin vermiyor olabilir.,"Denna förinställning ställer in rätt format och mått. Mycket långa animationer kan överskrida gränserna för plattformens filstorlek, och vissa plattformar begränsar visst innehåll."
MainMenu.Settings.ModelSettings.OpenLocalModelFolder,Open Local Model Folder,打开本地模型文件夹,開啟本地模型資料夾,Lokalen Modellordner öffnen,Abrir carpeta de modelo local,Ouvrir le dossier du modèle local,Nyissa meg a Helyi Modell mappát,ローカルモデルフォルダを開く,로컬 모델 폴더 열기,Открыть локальную папку модели,Abrir Pasta Local do Modelo,Відкрийте локальну папку моделі,Apri la cartella del modello locale,เปิดโฟลเดอร์โมเดลในเครื่อง,Yerel Model Dosyasını Aç,Öppna lokal modellmapp
MainMenu.Settings.ModelSettings.OpenCharacterFolder,Open Character Folder,打开角色文件夹,開啟角色資料夾,Charakterordner öffnen,Abrir carpeta de personajes,Ouvrir le dossier des personnages,Nyissa meg a Karakter mappát,キャラクターフォルダを開く,캐릭터 폴더 열기,Открыть папку персонажей,Abrir Pasta de Personagens,Відкрийте папку Character,Apri la cartella dei caratteri,เปิดโฟลเดอร์ตัวละคร,Karakter Dosyasını Aç,Öppna teckenmappen
MainMenu.Info.Log,Open Log Folder,打开程序运行日志,開啟程式執行日誌,Protokollordner öffnen,Abrir carpeta de registro,Ouvrir le dossier du journal,Nyissa meg a Napló mappát,ログフォルダを開く,로그 폴더 열기,Открыть папку журнала,Abrir Pasta Logs,Відкрити папку журналу,Apri la cartella registro,เปิดโฟลเดอร์ Log,Sistem Günlüğü Dosyasını Aç,Öppna Loggmapp
MainMenu.Settings.ExportSettings.UsingGlobalColorTable,Using Global Color Table,使用全局颜色表,使用全域顏色表,Verwendung der globalen Farbtabelle,Usando tabla de colores globales,Utilisation de la table de couleurs globale,Globális színtábla használata,グローバルカラーテーブルを使用,전역 색상표 사용,Использование глобальной таблицы цветов,Usar Tabela Global de Cores,Використання глобальної таблиці кольорів,Utilizzo della tabella dei colori globale,การใช้ตารางสีสากล,Küresel Renk Tablosunu Kullanarak,Använder Global Color Table
MainMenu.Editor.ExportStatic,Export Static Image,导出静态图片,匯出靜態圖片,Statisches Bild exportieren,Exportar imagen estática,Exporter une image statique,Statikus kép exportálása,静止画像を書き出し,이미지 내보내기,Экспорт статического изображения,Exportar Imagem Estática,Експорт статичного зображення,Esporta immagine statica,Export ภาพนิ่ง,Düz Resim Dışarı Aktar,Exportera statisk bild
MainMenu.Editor.Player.Speed,Speed,播放速度,播放速度,Geschwindigkeit,Velocidad,Vitesse,Sebesség,速度,속도,Скорость,Velocidade,швидкість,Velocità,ความเร็ว,Hız,Hastighet
MainMenu.Settings.StaticImageSettings,Static Image Settings,静态图片输出设置,靜態圖片匯出設定,Statische Bildeinstellungen,Configuración de imagen estática,Paramètres de l'image statique,Statikus képbeállítások,静止画設定,이미지 설정,Настройки статического изображения,Opções de Imagem Estática,Параметри статичного зображення,Impostazioni dell'immagine statica,การตั้งค่าภาพนิ่ง,Düz Resim Ayarları,Statiska bildinställningar
MainMenu.Settings.StaticImageSettings.ResetStaticImageSettings,Reset Static Image Settings,重置静态图片输出设置,重置靜態圖片匯出設定,Statische Bildeinstellungen zurücksetzen,Restablecer configuración de imagen estática,Réinitialiser les paramètres de l'image statique,Állítsa vissza a statikus képbeállításokat,静止画設定をリセット,이미지 설정 초기화,Сбросить настройки статического изображения,Resetar Opções de Imagem Estática,Скинути параметри статичного зображення,Ripristina le impostazioni dell'immagine statica,รีเซ็ตการตั้งค่าภาพนิ่ง,Düz Resim Ayarlarını sıfırla,Återställ inställningar för statisk bild
MainMenu.Settings.ExportSettings.SamplingRate,Sampling Rate,取样频率,取樣頻率,Abtastrate,Tasa de muestreo,Taux d'échantillonnage,Mintavételi sebesség,サンプリングレート,샘플링 속도,Частота выборки,Taxa de Amostragem,Частота дискретизації,Frequenza di campionamento,Sampling Rate,Örnekleme Oranı,Samplingsfrekvens
MainMenu.Editor.Texture.Step1Instr,This toggle allows you to switch between the internal and the custom texture,这个选项允许您在内置贴图和自定义贴图间切换。,這個選項允許您在內建貼圖和自訂貼圖間切換。,Mit diesem Schalter kannst du zwischen der internen und der benutzerdefinierten Textur wechseln,Este interruptor le permite cambiar entre la textura interna y la personalizada.,Cette option vous permet de basculer entre la texture interne et la texture personnalisée,Ezzel a kapcsolóval válthat a belső és az egyéni textúra között,この操作で初期テクスチャとカスタムテクスチャを切り替えられます,이 토글을 사용하여 기본 텍스처와 커스텀 텍스처 사이를 전환할 수 있습니다.,Этот переключатель позволяет переключаться между внутренней и пользовательской текстурой.,Essa opção permite você mudar entre texturas internas e customizadas,Цей перемикач дозволяє перемикатися між внутрішньою та спеціальною текстурою,Questo interruttore ti consente di passare dalla texture interna a quella personalizzata,Toggle นี้ช่วยให้คุณสลับระหว่าง Internal Texture และ Custom Texture ได้,"Bu ayar, uygulama içinde bulunan ve özel olarak eklenen dokular arasında geçiş yapmanızı sağlar",Denna växling låter dig växla mellan den interna och den anpassade texturen
MainMenu.Editor.Texture.Step2Instr,Edit the PNGs in the Custom Texture folder. Save with transparency and do not modify image size,编辑自定义贴图文件夹中的PNG图像，保留透明度保存且不要改变尺寸。,編輯自訂貼圖資料夾中的PNG影像，保留透明度儲存且不要改變尺寸。,Bearbeite die PNGs im Ordner „Custom Texture“. Speichere mit Transparenz und ändere die Bildgröße nicht,Edita los PNG en la carpeta Textura personalizada. Guarda con transparencia y no modifiques el tamaño de la imagen.,Modifiez les fichiers PNG dans le dossier des textures personnalisées. Enregistrez avec la transparence et ne modifiez pas les dimensions de l'image,"Szerkessze a PNG-ket az Egyéni textúra mappában. Mentse átlátszósággal, és ne módosítsa a képméretet",Custom Textureフォルダ内のPNGを編集してください。透過状態で保存し、画像サイズは変更しないでください,Custom Texture 폴더에서 PNG를 편집합니다. 저장 시 투명도를 유지하고 이미지 크기를 변경하지 마세요.,Отредактируйте PNG в папке «Пользовательская текстура». Сохраняйте с прозрачностью и не изменяйте размер изображения.,Edite os PNGs na pasta de Texturas Customizadas. Salve com transparência e não modifique o tamanho da imagem ,Відредагуйте файли PNG у папці Custom Texture. Зберігайте з прозорістю та не змінюйте розмір зображення,Modifica i PNG nella cartella Texture personalizzata. Salva con trasparenza e non modifica le dimensioni dell'immagine,แก้ไขไฟล์ PNG ในโฟลเดอร์ Custom Texture และบันทึกโดยตั้งค่าความโปร่งใสไว้ โดยไม่แก้ไขขนาดของ PNG,PNG'leri Özel Doku dosyasında düzenleyin. Transparant olarak resmi kaydedin ve yüksekliğini/genişliğini değiştirmeyin,Redigera PNG:erna i mappen Custom Texture. Spara med genomskinlighet och ändra inte bildstorleken
MainMenu.Editor.Texture.Step3Instr,"After saving your edits, click this button to apply the chages to your model.",编辑完成后，点击此按钮应用修改。,編輯完成後，點選此按鈕應用修改。,"Nachdem du deine Änderungen gespeichert hast, klicke auf diesen Knopf, um die Änderungen auf dein Modell anzuwenden.","Después de guardar tus cambios, presiona este botón para aplicar los cambios a tu modelo.","Après avoir enregistré vos modifications, cliquez sur ce bouton pour appliquer les modifications à votre modèle.","A módosítások mentése után kattintson erre a gombra, hogy alkalmazza a módosításokat a modellen.",編集を保存した後、このボタンを押すとモデルに変更が適用されます,편집 내용을 저장한 후 이 버튼을 클릭하면 모델에 변경 사항이 적용됩니다.,"После сохранения изменений нажмите эту кнопку, чтобы применить изменения к вашей модели.","Após salvar suas alterações, clique nesse botão para aplicar as alterações no seu modelo.","Після збереження змін натисніть цю кнопку, щоб застосувати зміни до моделі.","Dopo aver salvato le modifiche, fai clic su questo pulsante per applicare le modifiche al tuo modello.",หลังจากบันทึกการแก้ไขแล้ว ให้คลิกปุ่มนี้เพื่อปรับเปลี่ยนโมเดลของคุณตามความเปลี่ยนแปลง,Düzenlemeniz bittikten sonra bu tuşa basıp değişikliklerin modele uygulanmasını sağlayın.,När du har sparat dina ändringar klickar du på den här knappen för att tillämpa ändringarna på din modell.
MainMenu.Editor.Texture.Step4Instr,Save your character. The save button is located below the character list on the left side of the interface.,保存您的角色。保存按钮在左侧角色列表下方。,儲存您的角色。儲存按鈕在左側角色列表下方。,"Speichere deinen Charakter. Der ""Speichern""-Knopf befindet sich unterhalb der Charakterliste auf der linken Seite der Oberfläche.",Guarda tu personaje. El botón para guardar se encuentra debajo de la lista de personajes en el lado izquierdo de la interfaz.,Enregistrez votre personnage. Le bouton Enregistrer est situé sous la liste des personnages sur le côté gauche de l'interface.,Mentsd meg a karaktered. A mentés gomb a karakterlista alatt található a felület bal oldalán.,キャラクターを保存してください。保存ボタンは画面左側のキャラクターリストの下にあります,캐릭터를 저장하세요. 저장 버튼은 인터페이스 왼쪽의 캐릭터 목록 아래에 있습니다.,Сохраните своего персонажа. Кнопка сохранения расположена под списком персонажей в левой части интерфейса.,Salve seu personagem. O botão de salvar está localizado abaixo da lista de personagens no canto esquerdo da interface.,Збережіть свого персонажа. Кнопка збереження розташована під списком символів у лівій частині інтерфейсу.,Salva il tuo personaggio. Il pulsante Salva si trova sotto l'elenco dei personaggi sul lato sinistro dell'interfaccia.,บันทึกตัวละครของคุณ โดยปุ่มบันทึกจะอยู่ด้านล่างรายชื่อตัวละครทางด้านซ้ายของหน้าจอ,"Karakterinizi kaydedin. Kaydetme tuşu arayüzün solunda, karakter listesinin altında bulunur.",Rädda din karaktär. Spara-knappen finns under teckenlistan på vänster sida av gränssnittet.
MainMenu.Editor.Texture.Recommend,Please read the Using Custom Textures manual before using this feature.,请在使用前完整阅读手册使用自定义贴图章节。,請在使用前完整閱讀手冊使用自訂貼圖章節。,"Bitte lies das Handbuch „Verwenden benutzerdefinierter Texturen“, bevor du diese Funktion verwendest.",Por favor lee el manual para usar texturas personalizadas antes de utilizar esta función.,Veuillez lire le manuel d'utilisation des textures personnalisées avant d'utiliser cette fonctionnalité.,"Kérjük, olvassa el az Egyéni textúrák használata kézikönyvet a funkció használata előtt.",この機能を使用する前に「カスタムテクスチャの使用」マニュアルを確認してください,이 기능을 사용하기 전에 사용자 정의 텍스처 사용 매뉴얼을 읽어주세요.,Перед использованием этой функции прочтите руководство «Использование пользовательских текстур».,Por favor leia o manual de Customização de Texturas antes de usar essa opção.,"Перш ніж використовувати цю функцію, прочитайте посібник «Використання власних текстур».",Si prega di leggere il manuale Utilizzo di texture personalizzate prima di utilizzare questa funzione.,โปรดอ่านคู่มือการใช้งาน Custom Texture ก่อนใช้งาน feature นี้,Lütfen bu özelliği kullanmadan önce Özel Doku Kullanma rehberini okuyun.,Läs manualen Använda anpassade texturer innan du använder den här funktionen.
MainMenu.Editor.Texture.CustomTexture,Custom Texture,自定义贴图,自訂貼圖,Benutzerdefinierte Textur,Textura personalizada,Textures personnalisée,Egyedi textúra,カスタムテクスチャ,사용자 정의 텍스처,Пользовательская текстура,Texturas Customizadas,Спеціальна текстура,Trama personalizzata,Custom Texture,Özel Doku,Anpassad textur
MainMenu.Editor.Texture.Step1,Step 1,第一步,第一步,Schritt 1,Paso 1,Étape 1,1. lépés,ステップ1,1단계,Шаг 1,Etapa 1,Крок 1,Passaggio 1,ขั้นตอนที่ 1,Adım 1,Steg 1
MainMenu.Editor.Texture.Step2,Step 2,第二步,第二步,Schritt 2,Paso 2,Étape 2,2. lépés,ステップ2,2단계,Шаг 2,Etapa 2,Крок 2,Passaggio 2,ขั้นตอนที่ 2,Adım 2,Steg 2
MainMenu.Editor.Texture.Step3,Step 3,第三步,第三步,Schritt 3,Paso 3,Étape 3,3. lépés,ステップ3,3단계,Шаг 3,Etapa 3,Крок 3,Passaggio 3,ขั้นตอนที่ 3,Adım 3,Steg 3
MainMenu.Editor.Texture.Step4,Step 4,第四步,第四步,Schritt 4,Paso 4,Étape 4,4. lépés,ステップ4,4단계,Шаг 4,Etapa 4,Крок 4,Passaggio 4,ขั้นตอนที่ 4,Adım 4,Steg 4
MainMenu.Editor.Texture.AlphaBleed,Fix Selected Outline,修复选中图集部件边缘,修復選中圖集部件邊緣,Ausgewählte Kontur korrigieren,Corregir el contorno seleccionado,Corriger le contour sélectionné,Javítsa ki a kiválasztott körvonalat,選択した輪郭を修正,선택한 외곽선 수정,Исправить выбранный контур,Corrigir Outline Selecionada,Виправити вибраний контур,Correggi il contorno selezionato,แก้ไขเส้นร่างที่เลือก,Seçili Atlasları Güncelle,Fixa vald kontur
MainMenu.Editor.Texture.ResetAtlas,Reset Selected Atlas,重置选中图集,重置選中圖集,Ausgewählten Atlas zurücksetzen,Corregir el atlas seleccionado,Réinitialiser l'Atlas sélectionné,Állítsa vissza a kiválasztott atlaszt,選択したアトラスをリセット,선택한 이미지 시트 초기화,Сбросить выбранный атлас,Resetar Atlas Selecionada,Скинути вибраний атлас,Reimposta l'atlante selezionato,รีเซ็ต Atlas ที่เลือก,Seçili Atlasları Sıfırla,Återställ vald atlas
MainMenu.Editor.Texture.TextureUtility,Texture Utility,贴图工具,貼圖工具,Textur-Werkzeug,Utilidad de texturas,Utilitaire des textures,Texture Utility,テクスチャツール,텍스처 도구,Утилита текстур,Utilitários de Textura,Утиліта текстур,Utilità delle texture,Texture Utility,Doku Hizmetleri,Texture Utility
MainMenu.Editor.Texture.SelectAll,Select All,全选,全選,Alle auswählen,Seleccionar todo,Sélectionner tout,Válassza az Összes lehetőséget,すべて選択,전체 선택,Выбрать все,Selecionar Todos,Виберіть усі,Seleziona tutto,เลือกทั้งหมด,Hepsini seç,Välj Alla
MainMenu.Editor.Texture.ToggleSelection,Toggle Selection,反选,反選,Auswahl umschalten,Alternar selección ,Basculer la sélection,Kiválasztás váltása,選択を切り替え,선택 전환,Переключить выбор,Ativar Seleção,Перемкнути вибір,Attiva/Disattiva selezione,การเลือก Toggle,Tersini Seç,Växla val
MainMenu.Editor.Texture.AtlasList,Atlas List,图集列表,圖集列表,Atlas-Liste,Lista de atlas,Liste de l'Atlas,Atlasz lista,アトラス一覧,이미지 시트 목록,Список Атласов,Lista de Atlas,Список атласу,Elenco dell'Atlante,รายการ Atlas,Atlas Listesi,Atlas lista
MainMenu.Editor.Texture.ResetWarning,This will reset the selected atlas pages to the built-in versions. Any unsaved edits will be lost and cannot be recovered. Continue?,此操作将把所选图集页面重置为内置版本。未保存的修改将丢失且无法恢复。是否继续？,此操作將把所選圖集頁面重置為內建版本。未儲存的修改將會遺失且無法恢復。是否繼續？,Dadurch werden die ausgewählten Atlasseiten auf die integrierten Versionen zurückgesetzt. Alle nicht gespeicherten Änderungen gehen verloren und können nicht wiederhergestellt werden. Weitermachen?,Esto restablecerá las páginas del atlas seleccionadas a las versiones integradas. Cualquier edición no guardada se perderá y no se podrá recuperar. ¿Continuar?,Cela réinitialisera les pages d'atlas sélectionnées vers les versions d'origine. Toute modification non enregistrée sera perdue et irrécupérable. Continuer ?,"Ezzel visszaállítja a kiválasztott atlaszoldalakat a beépített verziókra. A nem mentett szerkesztések elvesznek, és nem állíthatók vissza. Folytatja?",選択したアトラスページを初期状態にリセットします。未保存の編集は失われ、復元できません。続行しますか？,선택한 이미지 시트 페이지를 기본(내장) 버전으로 초기화합니다. 저장하지 않은 편집 내용은 사라지며 복구할 수 없습니다. 계속하시겠습니까?,При этом выбранные страницы атласа будут сброшены до встроенных версий. Любые несохраненные изменения будут потеряны и не подлежат восстановлению. Продолжать?,Isso irá resetar as páginas do atlas selecionadas para as versões pré-criadas. Qualquer alteração não salva será perdida e não poderá ser recuperada. Continuar?,Це скине вибрані сторінки атласу до вбудованих версій. Будь-які незбережені зміни буде втрачено та не можна буде відновити. Продовжити?,Ciò ripristinerà le pagine dell'atlante selezionate alle versioni integrate. Eventuali modifiche non salvate andranno perse e non potranno essere recuperate. Continuare?,การดำเนินการนี้จะรีเซ็ตหน้า Atlas ที่เลือกกลับไปเป็นเวอร์ชันเริ่มต้น การแก้ไขที่ยังไม่ได้บันทึกจะสูญหายและไม่สามารถกู้คืนได้ ต้องการดำเนินการต่อหรือไม่?,Değiştirilen Atlas'ları gömülü versiyonlardaki hallerine geri getirecek. Kaydedilmeyen düzenlemeler kaybolacak ve geri getirilemeyecektir. Devam edilsin mi?,Detta kommer att återställa de valda atlassidorna till de inbyggda versionerna. Alla osparade redigeringar går förlorade och kan inte återställas. Fortsätta?
MainMenu.Settings.ExportSettings.PaletteAlgorithm,Palette Algorithm,色板算法,調色盤演算法,Palettenalgorithmus,Algoritmo de paleta,Algorithme de palette,Paletta algoritmus,パレットアルゴリズム,색상 추출,Алгоритм палитры,Algoritmo de Paleta,Алгоритм палітри,Algoritmo della tavolozza,Palette Algorithm,Palet Algoritması,Palettalgoritm
MainMenu.Editor.Texture.AlphaBleedWarning,This will overwrite the selected texture files and cannot be undone. Continue?,操作会修改并覆盖选中的 PNG 图集文件以修复白边。此操作无法撤销，是否继续？,操作會修改並覆蓋選中的 PNG 圖集檔案以修復白邊。此操作無法撤銷，是否繼續？,Dadurch werden die ausgewählten Texturdateien überschrieben und können nicht rückgängig gemacht werden. Fortfahren?,Esto sobrescribirá los archivos de textura seleccionados y no se podrá deshacer. ¿Continuar?,Cela écrasera les fichiers des textures sélectionnés et ne pourra pas être annulé. Continuer ?,"Ez felülírja a kiválasztott textúrafájlokat, és nem vonható vissza. Folytatja?",これにより、選択したテクスチャ ファイルが上書きされ、元に戻すことはできません。続く？,"선택한 텍스처 파일을 덮어쓰며, 이 작업은 되돌릴 수 없습니다. 계속하시겠습니까?",Это приведет к перезаписи выбранных файлов текстур и не может быть отменено. Продолжать?,Isso irá sobrescrever os arquivos de textura e não poderá ser desfeito. Continuar?,"Це перезапише вибрані файли текстури, і цю дію неможливо скасувати. Продовжити?",Ciò sovrascriverà i file di texture selezionati e non può essere annullato. Continuare?,การดำเนินการนี้จะเขียนทับไฟล์ Texture ที่เลือกไว้ โดยไม่สามารถย้อนกลับมาแก้ไขได้ ต้องการดำเนินการต่อหรือไม่?,Doku dosyalarının üstüne dosyalardaki dokular yazılacak. Devam edilsin mi?,Detta kommer att skriva över de valda texturfilerna och kan inte ångras. Fortsätta?
MainMenu.TranslationInfo.Message,"Some languages are translated by our community or assisted by machine translation, so quality may vary.

You can change the language in Settings.

See our {0}.

Want to contribute? Join us on {1}.","部分语言由我们的社区翻译或由机器翻译协助完成，因此质量可能有所不同。

您可在设置中更改语言。

请在{0}上查看我们的社区贡献者。

想要参与？欢迎通过{1}加入我们。","部分語言由社群翻譯或由機器翻譯協助完成，因此品質可能有所不同。

您可在設定中變更語言。

請在{0}上查看我們的社群貢獻者。

想要參與？歡迎透過{1}加入我們。","Einige Sprachen werden von unserer Community übersetzt oder durch maschinelle Übersetzung unterstützt, daher kann die Qualität variieren.

Sie können die Sprache in den Einstellungen ändern.

Sehen Sie sich unsere {0} an.

Möchten Sie einen Beitrag leisten? Begleiten Sie uns auf {1}.","Algunos idiomas son traducidos por nuestra comunidad o asistidos por traducción automática, por lo que la calidad puede variar.

Puedes cambiar el idioma en Configuración.

Vea nuestros {0}.

¿Quieres contribuir? Únase a nosotros en {1}.","Certaines langues sont traduites par notre communauté ou assistées par la traduction automatique, la qualité peut donc varier.

Vous pouvez changer la langue dans les Paramètres.

Consultez nos {0}.

Vous voulez contribuer ? Rejoignez-nous sur {1}.","Egyes nyelveket közösségünk fordít, vagy gépi fordítás segíti elő, így a minőség változhat.

A nyelvet a Beállításokban módosíthatja.

Tekintse meg {0}.

Szeretnél hozzájárulni? Csatlakozz hozzánk a {1}.","一部の言語はコミュニティによって翻訳されているか、機械翻訳によって翻訳されているため、品質が異なる場合があります。

言語は設定で変更できます。

{0} をご覧ください。

貢献したいですか？ {1} に参加してください。","일부 언어는 커뮤니티에서 번역되거나 기계 번역의 도움을 받기 때문에 품질이 다를 수 있습니다.

설정에서 언어를 변경할 수 있습니다.

{0}를 확인하세요.

기여하고 싶나요? {1}에 참여하세요.","Некоторые языки переводятся нашим сообществом или с помощью машинного перевода, поэтому качество может отличаться.

Вы можете изменить язык в настройках.

См. наших {0}.

Хотите внести свой вклад? Присоединяйтесь к нам в {1}.","Alguns idiomas são traduzidos pela nossa comunidade ou assistidos por tradução automática, portanto a qualidade pode variar.

Você pode alterar o idioma em Configurações.

Veja nossos {0}.

Quer contribuir? Junte-se a nós no {1}.","Деякі мови перекладаються нашою спільнотою або за допомогою машинного перекладу, тому якість може відрізнятися.

Ви можете змінити мову в налаштуваннях.

Дивіться {0}.

Хочете зробити внесок? Приєднуйтесь до нас на {1}.","Alcune lingue sono tradotte dalla nostra community o assistite dalla traduzione automatica, quindi la qualità può variare.

Puoi cambiare la lingua in Impostazioni.

Vedi i nostri {0}.

Vuoi contribuire? Unisciti a noi su {1}.","บางภาษาได้รับการแปลโดยชุมชนของเราหรือได้รับความช่วยเหลือจากการแปลด้วยคอมพิวเตอร์ ดังนั้นคุณภาพอาจแตกต่างกันไป

คุณสามารถเปลี่ยนภาษาได้ในการตั้งค่า

ดู {0}

ต้องการที่จะมีส่วนร่วม? เข้าร่วมกับเราบน {1}.","Bazı diller topluluğumuz tarafından çevrilmekte veya makine çevirisiyle desteklenmektedir, dolayısıyla kalite farklılık gösterebilir.

Dili Ayarlar'dan değiştirebilirsiniz.

{0} bakın.

Katkıda bulunmak ister misiniz? {1}.","Vissa språk översätts av vår community eller assisteras av maskinöversättning, så kvaliteten kan variera.

Du kan ändra språket i Inställningar.

Se våra {0}.

Vill du bidra? Gå med oss ​​på {1}."
MainMenu.TranslationInfo.ContributorsLinkLabel,community contributors on GitHub,GitHub 上的社区贡献者,GitHub 上的社群貢獻者,Community-Mitwirkende auf GitHub,contribuyentes de la comunidad en GitHub,contributeurs de la communauté sur GitHub,közösségi közreműködők a GitHubon,GitHub のコミュニティ貢献者,GitHub의 커뮤니티 기고자,участники сообщества на GitHub,colaboradores da comunidade no GitHub,учасників спільноти на GitHub,contributori della community su GitHub,ผู้ร่วมให้ข้อมูลในชุมชนบน GitHub,GitHub'a katkıda bulunan topluluk üyeleri,community-bidragsgivare på GitHub
MainMenu.TranslationInfo.DontShowAgain,Don't show this again,不再显示,不再顯示,Zeige das nicht noch einmal,No vuelvas a mostrar esto,Ne plus montrer ça,Ne mutasd ezt újra,これを二度と表示しないでください,다시 표시하지 않음,Больше не показывать это,Não mostre isso de novo,Не показувати це знову,Non mostrarlo più,อย่าแสดงสิ่งนี้อีก,Bunu bir daha gösterme,Visa inte detta igen
MainMenu.Editor.AssetTypeWS,Workshop,创意工坊,工作坊,Werkstatt,Taller,Atelier,Műhely,ワークショップ,작업장,Мастерская,Oficina,Майстерня,Officina,การประชุมเชิงปฏิบัติการ,Atölye,Verkstad
MainMenu.Editor.WorkshopPublishPopup.Title.Model,Publish Model to Workshop,将模型发布至创意工坊,將模型發佈到Workshop,Modell im Workshop veröffentlichen,Publicar modelo en taller,Publier le modèle dans l'atelier,Modell közzététele a műhelyben,モデルをワークショップに公開する,모델을 워크샵에 게시,Публикация модели в мастерской,Publicar modelo no workshop,Опублікувати модель у Workshop,Pubblica il modello nel workshop,เผยแพร่โมเดลไปยังเวิร์กช็อป,Modeli Atölyede Yayınla,Publicera Model to Workshop
MainMenu.Editor.WorkshopPublishPopup.Title.Character,Publish Character to Workshop,将角色发布至创意工坊,將角色發佈到創意工坊,Charakter im Workshop veröffentlichen,Publicar personaje en el taller,Publier un personnage dans l'atelier,Karakter közzététele a műhelyben,キャラクターをワークショップに公開する,창작마당에 캐릭터 게시,Публикация персонажа в Мастерской,Publicar personagem no workshop,Опублікувати персонажа в майстерні,Pubblica il personaggio nel Workshop,เผยแพร่ตัวละครไปยังเวิร์กชอป,Karakteri Atölyeye Yayınla,Publicera karaktär till verkstad
MainMenu.Editor.WorkshopPublishPopup.UploadMode,Upload mode,上传方式,上傳方式,Upload-Modus,Modo de carga,Mode de téléchargement,Feltöltés mód,アップロードモード,업로드 모드,Режим загрузки,Modo de upload,Режим завантаження,Modalità di caricamento,โหมดอัพโหลด,Yükleme modu,Uppladdningsläge
MainMenu.Editor.WorkshopPublishPopup.UploadMode.CreateNew,Create new item,创建新物品,建立新專案,Neues Element erstellen,Crear nuevo artículo,Créer un nouvel élément,Új elem létrehozása,新しいアイテムを作成する,새 항목 만들기,Создать новый элемент,Criar novo item,Створити новий елемент,Crea nuovo elemento,สร้างรายการใหม่,Yeni öğe oluştur,Skapa nytt objekt
MainMenu.Editor.WorkshopPublishPopup.UploadMode.UpdateExisting,Update existing item,更新现有物品,更新現有項目,Vorhandenes Element aktualisieren,Actualizar elemento existente,Mettre à jour l'élément existant,Meglévő elem frissítése,既存のアイテムを更新する,기존 항목 업데이트,Обновить существующий элемент,Atualizar item existente,Оновити наявний елемент,Aggiorna l'elemento esistente,อัพเดตรายการที่มีอยู่,Mevcut öğeyi güncelle,Uppdatera befintligt objekt
MainMenu.Editor.WorkshopPublishPopup.ItemtoUpdate,Item to update,需要更新的物品,要更新的項目,Zu aktualisierendes Element,Artículo para actualizar,Élément à mettre à jour,Frissítendő elem,更新する項目,업데이트할 항목,Элемент для обновления,Item a ser atualizado,Елемент для оновлення,Articolo da aggiornare,รายการที่จะอัปเดต,Güncellenecek öğe,Objekt att uppdatera
MainMenu.Editor.WorkshopPublishPopup.Field.Title,Title,标题,標題,Titel,Título,Titre,Cím,タイトル,제목,Заголовок,Título,Назва,Titolo,ชื่อ,Başlık,Titel
MainMenu.Editor.WorkshopPublishPopup.Field.Description,Description,描述,描述,Beschreibung,Descripción,Description,Leírás,説明,설명,Описание,Descrição,опис,Descrizione,คำอธิบาย,Tanım,Beskrivning
MainMenu.Editor.WorkshopPublishPopup.Field.Visibility,Visibility,可见性,能見度,Sichtweite,Visibilidad,Visibilité,Láthatóság,可視性,시계,Видимость,Visibilidade,Видимість,Visibilità,ทัศนวิสัย,Görünürlük,Synlighet
MainMenu.Editor.WorkshopPublishPopup.Visibility.Public,Public,公开,民眾,Öffentlich,Público,Publique,Nyilvános,公共,공공의,Общественный,Público,Громадський,Pubblico,สาธารณะ,Halk,Offentlig
MainMenu.Editor.WorkshopPublishPopup.Visibility.FriendsOnly,Friends Only,仅限好友,僅限朋友,Nur für Freunde,Sólo amigos,Amis seulement,Csak barátok,友達限定,친구만,Только друзья,Apenas amigos,Тільки друзі,Solo amici,เพื่อนเท่านั้น,Yalnızca Arkadaşlar,Endast vänner
MainMenu.Editor.WorkshopPublishPopup.Visibility.Private,Private,隐藏,私人的,Privat,Privado,Privé,Magán,プライベート,사적인,Частный,Privado,Приватний,Privato,ส่วนตัว,Özel,Privat
MainMenu.Editor.WorkshopPublishPopup.Visibility.Unlisted,Unlisted,非公开,未上市,Nicht gelistet,No estante en la lista,Non répertorié,Nem listázott,非上場,미등록,Нет в списке,Não listado,Не в списку,Non elencato,ไม่อยู่ในรายการ,Liste dışı,Onoterat
MainMenu.Editor.WorkshopPublishPopup.Field.ChangeNote,Change note,改动说明,更改備註,Notiz ändern,Cambiar nota,Modifier la note,Jegyzet módosítása,変更メモ,메모 변경,Изменить примечание,Alterar nota,Змінити примітку,Cambia nota,เปลี่ยนบันทึก,Notu değiştir,Ändra anteckning
MainMenu.Editor.WorkshopPublishPopup.Field.RequiredItems,Required Items (PublishedFileIds),必需物品（PublishedFileIds）,必需項目（PublishedFileIds）,Erforderliche Elemente (PublishedFileIds),Elementos necesarios (PublishedFileIds),Éléments requis (PublishedFileIds),Kötelező elemek (PublishedFileIds),必須項目 (PublishedFileIds),필수 항목(PublishedFileIds),Обязательные элементы (PublishedFileIds),Itens obrigatórios (PublishedFileIds),Необхідні елементи (PublishedFileIds),Elementi richiesti (PublishedFileId),รายการที่จำเป็น (PublishedFileIds),Gerekli Öğeler (Yayınlanan Dosya Kimlikleri),Obligatoriska objekt (PublishedFileIds)
MainMenu.Editor.WorkshopPublishPopup.Field.PreviewImagePath,Preview image (PNG/JPG path),预览图像（PNG/JPG 路径）,預覽影像（PNG/JPG 路徑）,Vorschaubild (PNG/JPG-Pfad),Imagen de vista previa (ruta PNG/JPG),Image d'aperçu (chemin PNG/JPG),Előnézeti kép (PNG/JPG elérési út),プレビュー画像 (PNG/JPG パス),미리보기 이미지(PNG/JPG 경로),Изображение для предварительного просмотра (путь PNG/JPG),Imagem de visualização (caminho PNG/JPG),Попередній перегляд зображення (шлях PNG/JPG),Immagine di anteprima (percorso PNG/JPG),ภาพตัวอย่าง (เส้นทาง PNG/JPG),Önizleme resmi (PNG/JPG yolu),Förhandsgranska bild (PNG/JPG sökväg)
MainMenu.Editor.WorkshopPublishPopup.Button.Publish,Publish,发布,發布,Veröffentlichen,Publicar,Publier,Közzététel,公開,게시,Публиковать,Publicar,Опублікувати,Pubblicare,เผยแพร่,Yayınla,Publicera
MainMenu.Editor.WorkshopPublishPopup.Button.Cancel,Cancel,取消,取消,Stornieren,Cancelar,Annuler,Mégse,キャンセル,취소,Отмена,Cancelar,Скасувати,Cancellare,ยกเลิก,İptal etmek,Avboka
MainMenu.Editor.WorkshopPublishPopup.Picker.Loading,(loading...),（加载中...）,(載入中...),(Laden...),(cargando...),(chargement...),(terhelés...),(読み込み中...),(로드 중...),(загрузка...),(carregando...),(завантаження...),(caricamento...),(กำลังโหลด...),(yükleniyor...),(belastning...)
MainMenu.Editor.WorkshopPublishPopup.Picker.NoPublishedItems,(no published items),（没有发布过的物品）,（沒有發表過的文章）,(keine veröffentlichten Artikel),(no hay artículos publicados),(aucun élément publié),(nincs közzétett cikk),(掲載アイテムはありません),(게시된 항목 없음),(нет опубликованных материалов),(sem itens publicados),(немає опублікованих елементів),(nessun articolo pubblicato),(ไม่มีรายการเผยแพร่),(yayınlanmış öğe yok),(inga publicerade föremål)
MainMenu.Editor.WorkshopPublishPopup.Picker.SteamNotReady,(Steam not ready),（Steam未准备好）,（蒸氣未準備好）,(Steam nicht bereit),(El vapor no está listo),(La vapeur n'est pas prête),(A Steam nincs kész),(スチームの準備ができていません),(스팀이 준비되지 않았습니다),(Пар не готов),(Vapor não está pronto),(Steam не готовий),(Vapore non pronto),(ไอน้ำไม่พร้อม),(Buhar hazır değil),(Steam inte redo)
MainMenu.Editor.WorkshopPublishPopup.Status.WaitingForSteamMetadata,Waiting for Steam metadata...,正在等待 Steam 元数据...,正在等待 Steam 元數據...,Warten auf Steam-Metadaten...,Esperando metadatos de Steam...,En attente des métadonnées Steam...,Várakozás a Steam metaadatokra...,Steam メタデータを待っています...,Steam 메타데이터를 기다리는 중...,Ожидание метаданных Steam...,Aguardando metadados do Steam...,Очікування метаданих Steam...,In attesa dei metadati di Steam...,กำลังรอข้อมูลเมตาของ Steam...,Steam meta verileri bekleniyor...,Väntar på Steam-metadata...
MainMenu.Editor.WorkshopPublishPopup.Status.SelectItemToUpdate,Select a published Workshop item to update.,请选择要更新的已发布创意工坊物品。,選擇要更新的已發布創意工坊專案。,Wählen Sie ein veröffentlichtes Workshop-Element zum Aktualisieren aus.,Seleccione un elemento de Workshop publicado para actualizar.,Sélectionnez un élément d'atelier publié à mettre à jour.,Válasszon ki egy frissíteni kívánt műhelyelemet.,更新する公開済みのワークショップ アイテムを選択します。,업데이트할 게시된 창작마당 항목을 선택하세요.,Выберите опубликованный элемент Мастерской для обновления.,Selecione um item publicado do Workshop para atualizar.,Виберіть опублікований елемент Workshop для оновлення.,Seleziona un elemento del Workshop pubblicato da aggiornare.,เลือกรายการเวิร์กชอปที่เผยแพร่เพื่ออัปเดต,Güncellemek için yayınlanmış bir Atölye öğesini seçin.,Välj ett publicerat verkstadsobjekt att uppdatera.
MainMenu.Editor.WorkshopPublishPopup.Status.TitleRequired,Title is required.,标题为必填项。,標題為必填項。,Titel ist erforderlich.,Se requiere título.,Le titre est requis.,A cím kötelező.,タイトルは必須です。,제목이 필요합니다.,Необходимо указать название.,O título é obrigatório.,Необхідно вказати назву.,Il titolo è obbligatorio.,ต้องระบุชื่อเรื่อง,Başlık gerekli.,Titel krävs.
MainMenu.Editor.WorkshopPublishPopup.Status.FixPreviewBeforePublishing,Fix the preview image before publishing.,发布前请修复预览图像。,發布前修復預覽影像。,Korrigieren Sie das Vorschaubild vor der Veröffentlichung.,Corrige la imagen de vista previa antes de publicarla.,Corrigez l'image d'aperçu avant de publier.,Közzététel előtt javítsa ki az előnézeti képet.,公開する前にプレビュー画像を修正してください。,게시하기 전에 미리보기 이미지를 수정하세요.,Исправьте изображение предварительного просмотра перед публикацией.,Corrija a imagem de visualização antes de publicar.,Виправте зображення попереднього перегляду перед публікацією.,Correggi l'immagine di anteprima prima della pubblicazione.,แก้ไขภาพตัวอย่างก่อนที่จะเผยแพร่,Yayınlamadan önce önizleme görüntüsünü düzeltin.,Fixa förhandsgranskningsbilden innan publicering.
MainMenu.Editor.WorkshopPublishPopup.Status.CreatingItem,Creating Workshop item...,正在创建创意工坊物品...,正在創建創意工坊專案...,Workshop-Element wird erstellt...,Creando elemento de taller...,Création d'un élément d'atelier...,Workshop elem létrehozása...,ワークショップアイテムを作成中...,창작마당 아이템 생성 중...,Создание предмета Мастерской...,Criando item da Oficina...,Створення елемента майстерні...,Creazione oggetto del Workshop...,กำลังสร้างรายการเวิร์กชอป...,Atölye öğesi oluşturuluyor...,Skapar verkstadsobjekt...
MainMenu.Editor.WorkshopPublishPopup.Status.UploadingItem,Uploading Workshop item...,正在上传创意工坊物品...,正在上傳創意工坊專案...,Workshop-Artikel wird hochgeladen...,Subiendo elemento del taller...,Téléchargement de l'élément d'atelier...,Workshop elem feltöltése...,ワークショップアイテムをアップロードしています...,창작마당 항목 업로드 중...,Загрузка предмета Мастерской...,Carregando item da Oficina...,Завантаження предмета майстерні...,Caricamento elemento del Workshop...,กำลังอัปโหลดรายการเวิร์กชอป...,Atölye öğesi yükleniyor...,Laddar upp verkstadsobjekt...
MainMenu.Editor.WorkshopPublishPopup.Status.PreviewNotFound,Preview image file not found.,未找到预览图像文件。,未找到預覽圖像檔案。,Vorschaubilddatei nicht gefunden.,Archivo de imagen de vista previa no encontrado.,Fichier image d'aperçu introuvable.,Az előnézeti képfájl nem található.,プレビュー画像ファイルが見つかりません。,미리보기 이미지 파일을 찾을 수 없습니다.,Файл изображения предварительного просмотра не найден.,Arquivo de imagem de visualização não encontrado.,Файл попереднього перегляду зображення не знайдено.,File immagine di anteprima non trovato.,ไม่พบไฟล์ภาพตัวอย่าง,Önizleme resim dosyası bulunamadı.,Förhandsgranskningsbildfilen hittades inte.
MainMenu.Editor.WorkshopPublishPopup.Status.PreviewInvalidFormat,"Preview image must be a PNG, JPG, or GIF.",预览图像必须是 PNG、JPG 或 GIF。,預覽影像必須是 PNG、JPG 或 GIF。,"Das Vorschaubild muss im PNG-, JPG- oder GIF-Format vorliegen.","La imagen de vista previa debe ser PNG, JPG o GIF.","L’image d’aperçu doit être au format PNG, JPG ou GIF.","Az előnézeti képnek PNG, JPG vagy GIF formátumúnak kell lennie.",プレビュー画像は PNG、JPG、または GIF である必要があります。,"미리보기 이미지는 PNG, JPG 또는 GIF여야 합니다.","Изображение для предварительного просмотра должно быть в формате PNG, JPG или GIF.","A imagem de visualização deve ser PNG, JPG ou GIF.","Зображення попереднього перегляду має бути у форматі PNG, JPG або GIF.","L'immagine di anteprima deve essere PNG, JPG o GIF.","รูปภาพตัวอย่างต้องเป็น PNG, JPG หรือ GIF","Önizleme resmi PNG, JPG veya GIF olmalıdır.","Förhandsgranskningsbilden måste vara en PNG, JPG eller GIF."
MainMenu.Editor.WorkshopPublishPopup.Status.PreviewTooLarge,Preview image must be 1 MB or smaller (currently {0} KB).,预览图像必须为 1 MB 或更小（当前为 {0} KB）。,預覽影像必須為 1 MB 或更小（目前為 {0} KB）。,Das Vorschaubild darf maximal 1 MB groß sein (derzeit {0} KB).,La imagen de vista previa debe tener 1 MB o menos (actualmente {0} KB).,L'image d'aperçu doit faire 1 Mo ou moins (actuellement {0} Ko).,Az előnézeti kép 1 MB vagy kisebb lehet (jelenleg {0} KB).,プレビュー画像は 1 MB 以下である必要があります (現在は {0} KB)。,미리보기 이미지는 1MB(현재 {0}KB) 이하여야 합니다.,Размер изображения для предварительного просмотра должен составлять 1 МБ или меньше (сейчас {0} КБ).,A imagem de visualização deve ter 1 MB ou menos (atualmente {0} KB).,Розмір попереднього зображення має бути 1 МБ або менше (наразі {0} КБ).,L'immagine di anteprima deve essere di 1 MB o più piccola (attualmente {0} KB).,รูปภาพตัวอย่างต้องมีขนาด 1 MB หรือเล็กกว่า (ปัจจุบันคือ {0} KB),Önizleme resmi 1 MB veya daha küçük olmalıdır (şu anda {0} KB).,Förhandsgranskningsbilden måste vara 1 MB eller mindre (för närvarande {0} KB).
MainMenu.Editor.WorkshopPublishPopup.Status.PreviewReadFailed,Failed to read preview image: {0},无法读取预览图像：{0},無法讀取預覽影像：{0},Vorschaubild konnte nicht gelesen werden: {0},No se pudo leer la imagen de vista previa: {0},Échec de la lecture de l'image d'aperçu : {0},Nem sikerült beolvasni az előnézeti képet: {0},プレビュー画像の読み取りに失敗しました: {0},미리보기 이미지를 읽지 못했습니다: {0},Не удалось прочитать изображение предварительного просмотра: {0},Falha ao ler a imagem de visualização: {0},Не вдалося прочитати зображення попереднього перегляду: {0},Impossibile leggere l'immagine di anteprima: {0},ไม่สามารถอ่านภาพตัวอย่าง: {0},Önizleme resmi okunamadı: {0},Det gick inte att läsa förhandsgranskningsbilden: {0}
MainMenu.Editor.WorkshopPublishPopup.Status.PreviewDecodeFailed,Preview image could not be decoded.,无法解码预览图像。,無法解碼預覽影像。,Vorschaubild konnte nicht dekodiert werden.,La imagen de vista previa no se pudo decodificar.,L'image d'aperçu n'a pas pu être décodée.,Az előnézeti kép nem dekódolható.,プレビュー画像をデコードできませんでした。,미리보기 이미지를 디코딩할 수 없습니다.,Изображение предварительного просмотра не удалось декодировать.,A imagem de visualização não pôde ser decodificada.,Не вдалося декодувати зображення попереднього перегляду.,Impossibile decodificare l'immagine di anteprima.,ไม่สามารถถอดรหัสภาพตัวอย่างได้,Önizleme görüntüsünün kodu çözülemedi.,Förhandsgranskningsbilden kunde inte avkodas.
MainMenu.Editor.WorkshopPublishPopup.Status.RequiredIdInvalid,Required PublishedFileId is invalid: {0},所需的 PublishedFileId 无效：{0},所需的 PublishedFileId 無效：{0},Erforderliche PublishedFileId ist ungültig: {0},El PublishedFileId requerido no es válido: {0},L'ID de fichier publié requis n'est pas valide : {0},A kötelező PublishedFileId érvénytelen: {0},必須の PublishedFileId が無効です: {0},필수 PublishedFileId가 잘못되었습니다: {0},Требуемый PublishedFileId недействителен: {0}.,Required PublishedFileId is invalid: {0},Необхідний PublishedFileId недійсний: {0},PublishedFileId obbligatorio non è valido: {0},PublishedFileId ที่จำเป็นไม่ถูกต้อง: {0},Gerekli PublishedFileId geçersiz: {0},Obligatoriskt PublishedFileId är ogiltigt: {0}
MainMenu.Editor.WorkshopPublishPopup.Status.SteamNotInitialized,Steam is not initialized.,Steam 未初始化。,Steam 未初始化。,Steam ist nicht initialisiert.,Steam no está inicializado.,Steam n'est pas initialisé.,A Steam nincs inicializálva.,Steamが初期化されていません。,스팀이 초기화되지 않았습니다.,Steam не инициализируется.,O Steam não foi inicializado.,Steam не ініціалізовано.,Steam non è inizializzato.,Steam ไม่ได้ถูกเตรียมใช้งาน,Steam başlatılmadı.,Steam initieras inte.
MainMenu.Editor.WorkshopPublishPopup.Status.UploadSucceeded,Workshop item uploaded: {0},上传的创意工坊物品：{0},上傳的創意工坊專案：{0},Workshop-Artikel hochgeladen: {0},Artículo del taller subido: {0},Élément d'atelier téléchargé : {0},Műhelyelem feltöltve: {0},ワークショップ アイテムがアップロードされました: {0},업로드된 창작마당 항목: {0},Загружен предмет мастерской: {0},Item da oficina enviado: {0},Завантажено предмет майстерні: {0},Articolo del workshop caricato: {0},อัปโหลดรายการเวิร์กชอป: {0},Atölye öğesi yüklendi: {0},Verkstadsobjekt laddat upp: {0}
MainMenu.Editor.WorkshopPublishPopup.Status.TempFolderModified,Publish staging files were modified. Close this dialog and publish again.,发布暂存文件被修改。关闭此对话框并再次发布。,發布暫存文件已修改。關閉此對話框並再次發布。,Die Veröffentlichungs-Stagingdateien wurden geändert. Schließen Sie dieses Dialogfeld und veröffentlichen Sie es erneut.,Se modificaron los archivos provisionales de publicación. Cierre este cuadro de diálogo y publíquelo nuevamente.,Les fichiers de préparation de publication ont été modifiés. Fermez cette boîte de dialogue et publiez à nouveau.,"A közzétételi staging fájlok módosultak. Zárja be ezt a párbeszédpanelt, és tegye közzé újra.",パブリッシュステージングファイルが変更されました。このダイアログを閉じて、再度公開します。,게시 준비 파일이 수정되었습니다. 이 대화 상자를 닫고 다시 게시하세요.,Промежуточные файлы публикации были изменены. Закройте это диалоговое окно и опубликуйте снова.,Os arquivos de teste de publicação foram modificados. Feche esta caixa de diálogo e publique novamente.,Постановчі файли публікації змінено. Закрийте це діалогове вікно та опублікуйте знову.,I file di staging di pubblicazione sono stati modificati. Chiudi questa finestra di dialogo e pubblica di nuovo.,ไฟล์การจัดเตรียมการเผยแพร่ได้รับการแก้ไขแล้ว ปิดกล่องโต้ตอบนี้แล้วเผยแพร่อีกครั้ง,Yayınlama hazırlama dosyaları değiştirildi. Bu iletişim kutusunu kapatın ve yeniden yayınlayın.,Publicera mellanlagringsfiler har ändrats. Stäng den här dialogrutan och publicera igen.
MainMenu.Editor.WorkshopPublishPopup.Status.ValidatingRequiredItems,Verifying required Workshop items...,正在验证所需的创意工坊物品...,正在驗證所需的創意工坊物品...,Erforderliche Workshop-Artikel werden überprüft...,Verificando los elementos de taller requeridos...,Vérification des éléments requis de l'atelier...,Szükséges műhelyelemek ellenőrzése...,ワークショップに必要なアイテムを確認しています...,필수 창작마당 항목을 확인하는 중...,Проверка необходимых предметов Мастерской...,Verificando itens obrigatórios da Oficina...,Перевірка необхідних предметів майстерні...,Verifica degli articoli del Workshop richiesti...,กำลังตรวจสอบรายการเวิร์กชอปที่จำเป็น...,Gerekli Atölye öğeleri doğrulanıyor...,Verifierar obligatoriska verkstadsobjekt...
MainMenu.Editor.WorkshopPublishPopup.Status.RequiredIdsQueryFailed,Failed to verify required Workshop items.,无法验证所需的创意工坊物品。,無法驗證所需的創意工坊物品。,Die erforderlichen Workshop-Artikel konnten nicht überprüft werden.,No se pudieron verificar los artículos requeridos del taller.,Échec de la vérification des éléments requis de l'atelier.,Nem sikerült ellenőrizni a szükséges műhelyelemeket.,ワークショップに必要なアイテムを確認できませんでした。,필수 창작마당 아이템을 확인하지 못했습니다.,Не удалось проверить необходимые предметы Мастерской.,Falha ao verificar os itens obrigatórios da Oficina.,Не вдалося перевірити необхідні елементи майстерні.,Impossibile verificare gli articoli del Workshop richiesti.,ไม่สามารถตรวจสอบรายการเวิร์กชอปที่จำเป็นได้,Gerekli Atölye öğeleri doğrulanamadı.,Det gick inte att verifiera obligatoriska verkstadsartiklar.
MainMenu.Editor.WorkshopPublishPopup.Status.RequiredIdNotFound,Workshop item {0} was not found or is not accessible.,找不到或无法访问创意工坊项目 {0}。,找不到或無法存取創意工坊項目 {0}。,Workshop-Artikel {0} wurde nicht gefunden oder ist nicht zugänglich.,El elemento del taller {0} no se encontró o no se puede acceder a él.,L'élément d'atelier {0} n'a pas été trouvé ou n'est pas accessible.,A(z) {0} műhelyelem nem található vagy nem érhető el.,ワークショップ アイテム {0} が見つからないか、アクセスできません。,창작마당 항목 {0}을(를) 찾을 수 없거나 액세스할 수 없습니다.,Объект мастерской {0} не найден или недоступен.,O item da oficina {0} não foi encontrado ou não está acessível.,Елемент майстерні {0} не знайдено або недоступний.,L'elemento del workshop {0} non è stato trovato o non è accessibile.,ไม่พบรายการเวิร์กชอป {0} หรือไม่สามารถเข้าถึงได้,Atölye öğesi {0} bulunamadı veya erişilemiyor.,Verkstadsobjektet {0} hittades inte eller är inte tillgängligt.
MainMenu.Editor.WorkshopPublishPopup.Status.RequiredIdWrongApp,Workshop item {0} does not belong to this app.,创意工坊项目 {0} 不属于此应用程序。,創意工坊專案 {0} 不屬於此應用程式。,Workshop-Artikel {0} gehört nicht zu dieser App.,El artículo del taller {0} no pertenece a esta aplicación.,L'élément d'atelier {0} n'appartient pas à cette application.,A(z) {0} műhelyelem nem ehhez az alkalmazáshoz tartozik.,ワークショップ アイテム {0} はこのアプリに属していません。,창작마당 항목 {0}은(는) 이 앱에 속하지 않습니다.,Объект мастерской {0} не принадлежит этому приложению.,O item da oficina {0} não pertence a este aplicativo.,Елемент майстерні {0} не належить до цієї програми.,L'articolo del workshop {0} non appartiene a questa app.,รายการเวิร์กชอป {0} ไม่ได้เป็นของแอปนี้,Atölye öğesi {0} bu uygulamaya ait değil.,Verkstadsobjektet {0} tillhör inte den här appen.
MainMenu.Editor.WorkshopPublishPopup.Status.ViewportCaptureFailed,Viewport capture failed: {0},视口捕获失败：{0},視窗捕獲失敗：{0},Ansichtsfenstererfassung fehlgeschlagen: {0},Error en la captura de la ventana gráfica: {0},Échec de la capture de la fenêtre : {0},A nézetablak rögzítése nem sikerült: {0},ビューポートのキャプチャに失敗しました: {0},뷰포트 캡처 실패: {0},Не удалось захватить область просмотра: {0},Falha na captura da janela de visualização: {0},Помилка захоплення області перегляду: {0},Acquisizione del viewport non riuscita: {0},การบันทึกวิวพอร์ตล้มเหลว: {0},Görünüm yakalama başarısız oldu: {0},Viewport-fångst misslyckades: {0}
MainMenu.Editor.WorkshopPublishPopup.Status.ViewportCaptureSucceeded,Preview captured from viewport.,从视口捕获预览图像。,從視窗捕獲的預覽。,Vorschau aus dem Ansichtsfenster aufgenommen.,Vista previa capturada desde la ventana gráfica.,Aperçu capturé depuis la fenêtre.,A nézetablakból rögzített előnézet.,ビューポートからキャプチャされたプレビュー。,뷰포트에서 캡처된 미리보기입니다.,Предварительный просмотр сделан из видового экрана.,Visualização capturada da viewport.,Попередній перегляд зроблено з вікна перегляду.,Anteprima catturata dal viewport.,ดูตัวอย่างที่ถ่ายจากวิวพอร์ต,Görünüm alanından çekilen önizleme.,Förhandsvisning fångad från viewport.
