GroupName,DisplayName,en,zh-Hans,zh-Hant,de,es,fr,hu,ja,ko,ru,pt-br,uk,it,th,tr,sv
Ahoge,Hair Ahoge,Hair Ahoge,头发呆毛,頭髮呆毛,Haare Ahoge,Ahoge,Ahoge,Haj Ahoge,アホ毛,바보털,Волосы Ахоге,Cabelo Ahoge,Волосся Ahoge,Capelli Ahoge,ผม Ahoge,Ahoge Saçı,Hår Ahoge
AhogeOutline,Hair Ahoge Outline,Hair Ahoge Outline,头发呆毛轮廓,頭髮呆毛輪廓,Haare Ahoge Umriss,Contorno del Ahoge,Contour Ahoge,Haj Ahoge vázlat,アホ毛 輪郭,바보털 외곽선,Волосы Ахоге Контур,Contorno Cabelo de Ahoge,Контур волосся Ahoge,Contorno dei capelli Ahoge,เส้นร่างผม Ahoge,Ahoge Saçı Anahat,Hår Ahoge Outline
AnimalEarLeft,Animal Ear >>,Animal Ear >>,兽耳 >>,獸耳 >>,Tierohr >>,Oreja de animal >>,Oreille d'Animal >>,Állati fül >>,ケモ耳 >>,동물 귀 >>,Звериные уши >>,Orelha de Animal >>,Вухо тварин >>,Orecchio di animale >>,หูสัตว์ >>,Hayvan Kulağı >>,Djuröra >>
AnimalEarLeftFur,Animal Ear >> Fur,Animal Ear >> Fur,兽耳 >> 毛,獸耳 >> 毛,Tierohr >> Fell,Orejas de animal >> Pelaje,Oreille d'Animal >> Fourrure,Állati fül >> Szőrme,ケモ耳 毛 >>,동물 귀 >> 털,Звериные уши (Мех) >>,Orelha de Animal >> Pelo,Вухо тварин >> Хутро,Orecchio di animale >> Pelliccia,หูสัตว์ >> ขน,Hayvan Kulağı >> Kürk,Djuröra >> Päls
AnimalEarLeftFurOutline,Animal Ear >> Fur Outline,Animal Ear >> Fur Outline,兽耳 >> 毛轮廓,獸耳 >> 毛輪廓,Tierohr >> Fellumriss,Orejas de animal >> Contorno del pelaje,Oreille d'Animal >> Contour Fourrure,Állati fül >> Szőrme körvonala,ケモ耳 毛 輪郭 >>,동물 귀 >> 털 외곽선,Звериные уши (Мех) >> Контур,Orelha de Animal >> Pelo Contorno,Вухо тварини >> Контур хутра,Orecchio di animale >> Contorno di pelliccia,เส้นร่างหูสัตว์ >> ขน,Hayvan Kulağı >> Kürk Anahat,Animal Ear >> Fur Outline
AnimalEarLeftOutline,Animal Ear >> Outline,Animal Ear >> Outline,兽耳 >> 轮廓,獸耳 >> 輪廓,Tierohr >> Umriss,Orejas de animal >> Contorno,Oreille d'Animal >> Contour,Állati fül >> Vázlat,ケモ耳 輪郭 >>,동물 귀 >> 외곽선,Звериные уши >> Контур,Orelha de Animal >> Contorno,Вухо тварин >> Схема,Orecchio di animale >> Contorno,เส้นร่างหูสัตว์ >>,Hayvan Kulağı >> Anahat,Djuröra >> Kontur
AnimalEarRight,Animal Ear <<,Animal Ear <<,兽耳 <<,獸耳 <<,Tierohr <<,Orejas de animal <<,Oreille d'Animal <<,Állati fül <<,ケモ耳 <<,동물 귀 <<,Звериные уши <<,Orelha de Animal <<,Вухо тварин <<,Orecchio di animale <<,หูสัตว์ <<,Hayvan Kulağı <<,Animal Ear <<
AnimalEarRightFur,Animal Ear << Fur,Animal Ear << Fur,兽耳 << 毛,獸耳 << 毛,Tierohr << Fell,Orejas de animal << Pelaje,Oreille d'Animal << Fourrure,Állati fül << Szőrme,ケモ耳 毛 <<,동물 귀 << 털,Звериные уши (Мех) <<,Orelha de Animal << Pelo,Вушка тварин << Хутро,Orecchio di animale << Pelliccia,หูสัตว์ << ขน,Hayvan Kulağı << Kürk,Animal Ear << Päls
AnimalEarRightFurOutline,Animal Ear << Fur Outline,Animal Ear << Fur Outline,兽耳 << 毛轮廓,獸耳 << 毛輪廓,Tierohr << Fellumriss,Orejas de animal << Contorno del pelaje,Oreille d'Animal << Contour de Fourrure,Állati fül << szőrme körvonala,ケモ耳 毛 輪郭 <<,동물 귀 << 털 외곽선,Звериные уши (Мех) << Контур,Orelha de Animal << Pelo Contorno,Вухо тварин << Контур хутра,Orecchio animale << Contorno di pelliccia,เส้นร่างหูสัตว์ << ขน,Hayvan Kulağı << Kürk Anahat,Animal Ear << Fur Outline
AnimalEarRightOutline,Animal Ear << Outline,Animal Ear << Outline,兽耳 << 轮廓,獸耳 << 輪廓,Tierohr << Umriss,Orejas de animal << Contorno,Oreille d'Animal << Contour,Állati fül << Vázlat,ケモ耳 輪郭 <<,동물 귀 << 외곽선,Звериные уши << Контур,Orelha de Animal << Contorno,Вухо тварин << Контур,Orecchio animale << Schema,เส้นร่างหูสัตว์ <<,Hayvan Kulağı << Anahat,Animal Ear << Outline
AntennaLeft,Antenna >>,Antenna >>,触角 >>,觸角 >>,Antenne >>,Antena >>,Antenne >>,Antenna >>,アンテナ >>,안테나 >>,Антенна >>,Antena >>,Антена >>,Antenna >>,หนวดแมลง >>,Anten >>,Antenn >>
AntennaLeftOutline,Antenna >> Outline,Antenna >> Outline,触角 >> 轮廓,觸角 >> 輪廓,Antenne >> Umriss,Antena >> Contorno,Contour Antenne >>,Antenna >> Vázlat,アンテナ 輪郭 >>,안테나 >> 외곽선,Антенна >> Контур,Antena >> Contorno,Антена >> Схема,Antenna >> Contorno,เส้นร่างหนวดแมลง >>,Anten >> Anahat,Antenn >> Kontur
AntennaRight,Antenna <<,Antenna <<,触角 <<,觸角 <<,Antenne <<,Antena <<,Antenne <<,Antenna <<,アンテナ <<,안테나 <<,Антенна <<,Antena <<,Антена <<,Antenna <<,หนวดแมลง <<,Anten <<,Antenn <<
AntennaRightOutline,Antenna << Outline,Antenna << Outline,触角 << 轮廓,觸角 << 輪廓,Antenne << Umriss,Antena << Contorno,Contour Antenne <<,Antenna << Vázlat,アンテナ 輪郭 <<,안테나 << 외곽선,Антенна << Контур,Antena << Contorno,Антена << Схема,Antenna << Schema,เส้นร่างหนวดแมลง <<,Anten << Anahat,Antenn << Kontur
BackHair,Hair Rear,Hair Rear,头发 后侧,頭髮 後側,Haare hinten,Pelo trasero,Cheveux Arrières,Haj Hátsó,後ろ髪,뒷머리,Задние волосы,Cabelo de Trás,Волосся ззаду,Capelli posteriori,ผมด้านหลัง,Saçın Arkası,Hår bak
BackHairOutline,Hair Rear Outline,Hair Rear Outline,头发 后侧 轮廓,頭髮 後側 輪廓,Haare hinten Umriss,Contorno del pelo trasero,Contour Cheveux Arrières,Haj hátsó körvonala,後ろ髪 輪郭,뒷머리 외곽선,Задние волосы - Контур,Cabelo de Trás Contorno,Контур волосся ззаду,Contorno posteriore dei capelli,เส้นร่างผมด้านหลัง,Saçın Arkası Anahat,Hår bakre kontur
BeverageCup,Beverage Cup,Beverage Cup,饮料杯,飲料杯,Getränkebecher,Vaso de bebida,Tasse,Italpohár,飲み物のカップ,음료 컵,Стаканчик,Copo de Bebida,Чашка для напоїв,Tazza per bevande,ถ้วยเครื่องดื่ม,Bardak,Dryckeskopp
BeverageLiquid,Beverage Liquid,Beverage Liquid,饮料杯 液体,飲料杯 液體,Becherflüssigkeit,Líquido del vaso,Boisson Liquide,Folyékony ital,飲み物,음료수 1,Жидкость в стаканчике,Bebida Liquido,Рідина для напоїв,Bevanda liquida,ของเหลวเครื่องดื่ม 1,Bardaktaki Sıvı,Dryck flytande
BeverageLiquid2,Beverage Liquid 2,Beverage Liquid 2,饮料杯 液体 2,飲料杯 液體 2,Becherflüssigkeit 2,Líquido del vaso 2,Boisson Liquide 2,Folyékony ital 2,飲み物2,음료수 2,Жидкость в стаканчике 2,Bebida Liquido 2,Рідина для напоїв 2,Bevanda liquida 2,ของเหลวเครื่องดื่ม 2,Bardaktaki Sıvı 2,Dryckesvätska 2
Bill,Bill,Bill,钞票,鈔票,Schnabel,Billetes,Facture,Számla,紙幣,지폐,Деньги,Conta,Білл,Conto,แบงก์เงิน,Para,Fakturera
BlanketInner,Blanket Inner,Blanket Inner,被子 里侧,被子 內側,Decke innen,Manta interior,Couverture Interieur,Belső takaró,ブランケット内側,이불 안감,Одеяло ,Cobertor Interior,Ковдра Внутрішня,Coperta interna,ผ้าห่มด้านใน,Battaniye İçi,Filt inre
BlanketOutter,Blanket Outter,Blanket Outter,被子 外侧,被子 外側,Decke außen,Manta exterior,Couverture Exterieur,Külső takaró,ブランケット外側,이불 겉감,Плед поверх одеяла,Cobertor Exterior,Ковдра Outter,Coperta esterna,ผ้าห่มด้านนอก,Battaniye Dışı,Filt Outter
Blush,Face Blush,Face Blush,脸红,臉紅,Gesichtsröte,Rubor,Fard à Joues,Arcpirosító,頬の赤み,볼터치,Румянец,Rosto Corado,Рум'яна для обличчя,Fard per il viso,แก้มแดง,Yüz Kızarklığı,Ansiktsrodnad
BrowLeft,Brow >>,Brow >>,眉毛 >>,眉毛 >>,Augenbraue >>,Ceja >>,Sourcil >>,Szemöldök >>,眉 >>,눈썹 >>,Бровь >>,Sobrancelha >>,Брова >>,Fronte >>,คิ้ว >>,Kaş >>,Bryn >>
BrowRight,Brow <<,Brow <<,眉毛 <<,眉毛 <<,Augenbraue <<,Ceja <<,Sourcil <<,Szemöldök <<,眉 <<,눈썹 <<,Бровь <<,Sobrancelha <<,Брова <<,Sopracciglia <<,คิ้ว <<,Kaş <<,Bryn <<
Chopstick,Chopstick,Chopstick,筷子,筷子,Stäbchen,Palillos,Baguettes,Pálcika,お箸,젓가락,Палочки для еды,Hashi,Паличка для їжі,Bacchette,ตะเกียบ,Chopstick,Matpinne
Crowbar,Crowbar,Crowbar,撬棍,撬棍,Brecheisen,Palanca,Pied de Biche,Emelőrúd,バール,쇠지렛대,Лом,Pé de Cabra,Лом,Piede di porco,ชะแลง,Levye,Kofot
Cup,Cup,Cup,咖啡杯,咖啡杯,Tasse,Taza,Gobelet,Csésze,カップ,컵,Чашка,Copo,Кубок,Tazza,ถ้วยน้ำ,Kupa,Kopp
CupSteam,Cup Steam,Cup Steam,咖啡杯 蒸汽,咖啡杯 蒸汽,Tasse Dampf,Vapor de la taza,Vapeur Tasse,Kupa Steam,湯気,컵 수증기,Пар из чашки,Vapor do Copo,Чашка Steam,Vapore in tazza,ไอน้ำจากถ้วยน้ำ,Kupa Buharı,Cup Steam
Door,Door/Wall,Door/Wall,门/墙,門/牆,Tür/Wand,Puerta/Pared,Porte/Mur,Ajtó/fal,ドア／壁,문/벽,Дверь/Стена,Porta/Parede,Двері/Стіна,Porta/muro,ประตู/ผนัง,Kapı/Duvar,Dörr/Vägg
DumEyePupilLeft,Eye(Dum) Pupil >>,Eye(Dum) Pupil >>,呆眼 瞳孔 >>,呆眼 瞳孔 >>,Auge (Dum) Pupille >>,Pupila (tonta) >>,Oeil (Teuteu) Pupille >>,Szem(Dum) Pupilla >>,ほげ目 瞳 >>,바보 눈동자 >>,Глаз(Глупик) Зрачок >>,Olho(Bobo) Pupila >>,Око (Dum) Зіниця >>,Pupilla dell'occhio (idiota) >>,ตาหน้าโง่ >>,Göz(Enayi) Gözbebeği >>,Eye(Dum) Pupill >>
DumEyePupilRight,Eye(Dum) Pupil <<,Eye(Dum) Pupil <<,呆眼 瞳孔  <<,呆眼 瞳孔  <<,Auge (Dum) Pupille <<,Pupila (tonta) <<,Oeil (Teuteu) Pupille <<,Szem(Dum) Pupilla <<,ほげ目 瞳 <<,바보 눈동자 <<,Глаз (Глупик) Зрачок <<,Olho(Bobo) Pupila <<,Eye(Dum) Pupil <<,Pupilla dell'occhio (idiota) <<,ตาหน้าโง่ <<,Göz(Enayi) Gözbebeği <<,Eye(Dum) Pupill <<
Eyebag,Eyebag,Eyebag,眼袋,眼袋,Tränensack,Ojeras,Cernes,Szemtáska,目のクマ,다크서클,Мешки под глазами,Olheira,Очний мішок,Borsa per gli occhi,ถุงใต้ตา,Göz torbası,Ögonpåse
EyeDarkLeft,Eye Iris Dark >>,Eye Iris Dark >>,眼睛 虹膜深色 >>,眼睛 虹膜深色 >>,Augeniris dunkel >>,Iris Oscuro >>,Œil Foncé >>,Szem Iris Sötét >>,虹彩 濃 >>,눈동자 음영 >>,Глаза Радужка Темная >>,Olho Iris Escura >>,Райдужна оболонка очей темна >>,Occhio Iride scura >>,ตา(สีเข้ม) >>,Göz İris Koyuluğu >>,Eye Iris Dark >>
EyeDarkRight,Eye Iris Dark <<,Eye Iris Dark <<,眼睛 虹膜深色 <<,眼睛 虹膜深色 <<,Augeniris dunkel <<,Iris Oscuro <<,Œil Foncé <<,Szem Iris Sötét <<,虹彩 濃 <<,눈동자 음영 <<,Глаза Радужка Темная <<,Olho Iris Escura <<,Райдужна оболонка очей темна <<,Occhio Iride Oscura <<,ตา(สีเข้ม) <<,Göz İris Koyuluğu <<,Eye Iris Dark <<
EyeDollar,Eye Dollar,Eye Dollar,眼睛 钱,眼睛 錢,Augendollar,Ojos de dinero,Yeux Dollars,Szem dollár,お金の目,달러($) 눈,Глаз Доллар,Olho Dolar,Око Долар,Dollaro degli occhi,ตา(ดอลลาร์),Göz Paracık,Ögondollar
EyeHeart,Eye Heart,Eye Heart,眼睛 爱心,眼睛 愛心,Augenherz,Ojos de corazón,Yeux Coeurs,Szem Szív,ハート目,하트 눈,Глаз Сердце,Olho Coração,Око Серце,Occhio Cuore,ตา(หัวใจ),Göz Kalp,Ögat hjärta
EyeHighlight,Eye Highlight,Eye Highlight,眼睛 高光,眼睛 高光,Augen Highlight,Brillo del ojo,Œil Lumière,Szemkiemelés,目ハイライト,눈 하이라이트,Глаз Блик,Olhos Destaque,Підсвічування очей,Evidenziazione degli occhi,ไฮไลท์ตา,Göz Detayı,Ögonhöjdpunkt
Eyelash,Eyelashes,Eyelashes,眼睛 睫毛,眼睛 睫毛,Wimpern,Pestañas,Cils,Szempilla,まつげ,속눈썹,Ресницы,Cílios,вії,Ciglia,ขนตา,Kirpikler,Ögonfransar
EyeLightLeft,Eye Iris Light >>,Eye Iris Light >>,眼睛 虹膜浅色 >>,眼睛 虹膜淺色 >>,Augeniris hell >>,Brillo del iris >>,Œil Clair >>,Szem írisz fénye >>,虹彩 淡 >>,눈동자 반사광 >>,Глаза Радужка Светлая >>,Olho Iris Clara >>,Світло райдужної оболонки очей >>,Luce dell'iride dell'occhio >>,ตา(สีอ่อน) >>,Göz İris Açıklığı >>,Eye Iris Light >>
EyeLightRight,Eye Iris Light <<,Eye Iris Light <<,眼睛 虹膜浅色 <<,眼睛 虹膜淺色 <<,Augeniris hell <<,Brillo del iris <<,Œil Clair <<,Eye Iris Light <<,虹彩 淡 <<,눈동자 반사광 <<,Глаза Радужка Светлая <<,Olho Iris Clara <<,Райдужна оболонка очей Світла <<,Luce dell'iride dell'occhio <<,ตา(สีอ่อน) <<,Göz İris Açıklığı <<,Eye Iris Light <<
EyeOutline,Eye(Dum) Outline,Eye(Dum) Outline,呆眼 轮廓,呆眼 輪廓,Augen (Dum) Umriss,Contorno de ojo (tonto),Contour de l'Œil (Teuteu),Szem(Dum) körvonal,ほげ目 輪郭,바보 눈동자 외곽선,Контур глаза (Глупик),Olho(Bobo) Contorno,Око (Dum) контур,Contorno dell'occhio (dum).,เส้นร่างตาหน้าโง่,Göz (Enayi) Anahat,Eye(Dum) Outline
EyeSparkling,Eye Sparkling,Eye Sparkling,眼睛 星星,眼睛 星星,Augenfunkeln,Ojos chispeantes,Yeux en Étoiles,Szem csillogó,キラキラ目,눈 반짝임,Сверкающие глаза,Olhos Brilho,Блискучі очі,Occhio scintillante,ตา(ประกาย),Göz Parıltısı,Glittrande öga
EyeSpiral,Eye Spiral,Eye Spiral,眼睛 圈圈,眼睛 圈圈,Augenspirale,Espiral en los ojos,Yeux en Spirales,Szemspirál,ぐるぐる目,눈 나선형,Глаз Спираль,Olhos Espiral,Очна спіраль,Spirale dell'occhio,ตา(Spiral),Göz Spiral,Ögonspiral
EyeWhite,Eye White,Eye White,眼睛 白色部分,眼睛 白色部分,Augenweiß,Ojo blanco,Blanc de l'Œil,Szem fehér,白目,눈 흰자,Глаз Белок,Branco do Olho,Біле око,Occhio bianco,ตาขาว,Göz Beyazı,Ögonvit
FaceShadow,Face Shadow,Face Shadow,脸 阴影,臉 陰影,Gesichtsschatten,Sombra de la cara,Ombre du Visage,Arcárnyék,顔影,얼굴 음영,Тень на лице,Sombreamento do Rosto,Тінь обличчя,Ombra del viso,เงาบนหน้า,Yüz Gölgesi,Ansiktsskugga
FinLeft,Fin >>,Fin >>,鳍 >>,鰭 >>,Flosse >>,Aleta >>,Nageoires >>,Fin >>,ヒレ >>,지느러미 >>,Плавник >>,Barbatana >>,Плавник >>,Pinna >>,ครีบ >>,Yüzgeç >>,Fin >>
FinLeftOutline,Fin >> Outline,Fin >> Outline,鳍 >> 轮廓,鰭 >> 輪廓,Flosse >> Umriss,Aleta >> Contorno,Contour Nageoires >>,Fin >> Vázlat,ヒレ 輪郭 >>,지느러미 >> 외곽선,Плавник >> Контур,Barbatana >> Contorno,Fin >> Контур,Pinna >> Contorno,เส้นร่างครีบ >>,Yüzgeç >> Anahat,Fin >> Kontur
FinRight,Fin <<,Fin <<,鳍 <<,鰭 <<,Flosse <<,aleta <<,Nageoires <<,Fin <<,ヒレ <<,지느러미 <<,Плавник <<,Barbatana <<,Плавник <<,Fin <<,ครีบ <<,Yüzgeç <<,Fin <<
FinRightOutline,Fin << Outline,Fin << Outline,鳍 << 轮廓,鰭 << 輪廓,Flosse << Umriss,Fin << Contorno,Contour Nageoires <<,Fin << Vázlat,ヒレ 輪郭 <<,지느러미 << 외곽선,Плавник << Контур,Barbatana << Contorno,Fin << Контур,Fin << Contorno,เส้นร่างครีบ <<,Yüzgeç << Anahat,Fin << Kontur
FrameHairLeft,Hair Framing >>,Hair Framing >>,头发 脸颊 >>,頭髮 臉頰 >>,Seitensträhnen >>,Mechón frontal >>,Mèche Visage Côté >>,Hajkeretezés >>,顔まわり髪 >>,옆머리 >>,Прядь волос >>,Emolduração do Cabelo >>,Обрамлення волосся >>,Inquadratura dei capelli >>,ผมด้านข้าง >>,Saç Ucu >>,Hårinramning >>
FrameHairLeftOutline,Hair Framing >> Outline,Hair Framing >> Outline,头发 脸颊 >> 轮廓,頭髮 臉頰 >> 輪廓,Seitensträhnen >> Umriss,Mechón frontal >> Contorno,Contour Mèche Visage Côté >>,Hajkeretezés >> Vázlat,顔まわり髪 輪郭 >>,옆머리 >> 외곽선,Прядь волос >> Контур,Emolduração do Cabelo >> Contorno,Обрамлення волосся >> Контур,Inquadratura dei capelli >> Contorno,เส้นร่างผมด้านข้าง >>,Saç Ucu >> Anahat,Hårinramning >> Kontur
FrameHairRight,Hair Framing <<,Hair Framing <<,头发 脸颊 <<,頭髮 臉頰 <<,Seitensträhnen <<,Mechón frontal <<,Mèche Visage Côté <<,Hajkeretezés <<,顔まわり髪 <<,옆머리 <<,Прядь волос <<,Emolduração do Cabelo <<,Обрамлення волосся <<,Inquadratura dei capelli <<,ผมด้านข้าง <<,Saç Ucu <<,Hårinramning <<
FrameHairRightOutline,Hair Framing << Outline,Hair Framing << Outline,头发 脸颊 << 轮廓,頭髮 臉頰 << 輪廓,Seitensträhnen << Umriss,Mechón frontal << Contorno,Contour Mèche Visage Côté <<,Hajkeretezés << Vázlat,顔まわり髪 輪郭 <<,옆머리 << 외곽선,Прядь волос << Контур,Emolduração do Cabelo << Contorno,Обрамлення волосся << Контур,Inquadratura dei capelli << Contorno,เส้นร่างผมด้านข้าง <<,Saç Ucu << Anahat,Hårinramning << Kontur
Gill,Gill,Gill,腮,鰓,Kieme,Branquia,Branchies ,Kopoltyú,エラ,아가미,Жабры,Brânquia,Гілл,Gill,เหงือก,Solungaç,Gill
GillOutline,Gill Outline,Gill Outline,腮 轮廓,鰓 輪廓,Kiemen Umriss,Contorno de la branquia,Contour Branchies ,Gill vázlat,エラ 輪郭,아가미 외곽선,Жабры Контур,Contorno da Brânquia,Контур зябер,Contorno delle branchie,เส้นร่างเหงือก,Solungaç Anahat,Gill Outline
Glasses,Glasses,Glasses,眼镜,眼鏡,Brille,Anteojos,Lunettes,Szemüveg,メガネ,안경,Очки,Óculos,Окуляри,Occhiali,แว่นตา,Gözlük,Glasögon
HairbandA,Hairband A,Hairband A,发带 A,髮帶 A,Haarband A,Diadema A,Bandeau A,Hajpánt A,ヘアバンドA,머리띠 A,Банты А,Faixa de Cabelo A,Гумка для волосся А,Fascia per capelli A,ที่คาดผม A,Saç Bandı A,Hårband A
HairbandAOutline,Hairband A Outline,Hairband A Outline,发带 A 轮廓,髮帶 A 輪廓,Haarband A Umriss,Contorno de Diadema A,Contour Bandeau A,Hajpánt Vázlat,ヘアバンドA 輪郭,머리띠 A 외곽선,Банты A Контур,Contorno da Faixa de Cabelo A,Гумка для волосся A Контур,Cerchietto A Contorno,เส้นร่างที่คาดผม A,Saç Bandı Anahat,Hårband En disposition
HairbandB,Hairband B,Hairband B,发带 B,髮帶 B,Haarband B,Diadema B,Bandeau B,Hajpánt B,ヘアバンドB,머리띠 B,Повязки на голову Б,Faixa de Cabelo B,Гумка для волосся Б,Fascia per capelli B,ที่คาดผม B,Saç Bandı B,Hårband B
HairbandBOutline,Hairband B Outline,Hairband B Outline,发带 B 轮廓,髮帶 B 輪廓,Haarband B Umriss,Contorno de Diadema B,Contour Bandeau B,Hajpánt B körvonal,ヘアバンドB 輪郭,머리띠 B 외곽선,Повязки на голову B Контур,Contorno da Faixa de Cabelo B,Гумка для волосся B Контур,Cerchietto B Contorno,เส้นร่างที่คาดผม B,Saç Bandı B Anahat,Hårband B Outline
HairbandC,Hairband C,Hairband C,发带 C,髮帶 C,Haarband C,Diadema C,Bandeau C,Hajpánt C,ヘアバンドC,머리띠 C,Ободок С,Faixa de Cabelo C,Гумка для волосся C,Fascia per capelli C,ที่คาดผม C,Saç Bandı C,Hårband C
HairbandCOutline,Hairband C Outline,Hairband C Outline,发带 C 轮廓,髮帶 C 輪廓,Haarband C Umriss,Contorno de Diadema C,Contour Bandeau C,Hajpánt C körvonal,ヘアバンドC 輪郭,머리띠 C 외곽선,Ободок C Контур,Contorno da Faixa de Cabelo C,Гумка для волосся C контур,Cerchietto C Contorno,เส้นร่างที่คาดผม C,Saç Bandı C Anahat,Hårband C Outline
HairbandD,Hairband D,Hairband D,发带 D,髮帶 D,Haarband D,Diadema D,Bandeau D,Hajpánt D,ヘアバンドD,머리띠 D,Бант сзади D,Faixa de Cabelo D,Гумка для волосся D,Fascia per capelli D,ที่คาดผม D,Saç Bandı D,Hårband D
HairbandDOutline,Hairband D Outline,Hairband D Outline,发带 D 轮廓,髮帶 D 輪廓,Haarband D Umriss,Contorno de Diadema D,Contour Bandeau D,Hajpánt D körvonal,ヘアバンドD 輪郭,머리띠 D 외곽선,Бант сзади D Контур,Faixa de Cabelo D Contorno,Гумка для волосся D контур,Cerchietto D Contorno,เส้นร่างที่คาดผม D,Saç Bandı D Anahat,Hårband D Kontur
HairBangLeft,Hair Bang >>,Hair Bang >>,头发 刘海 >>,頭髮 瀏海 >>,Pony >>,Flequillo >>,Frange Côté >>,Hair Bang >>,前髪 >>,앞머리 >>,Челка >>,Franja do Cabelo >>,Чубчик для волосся >>,Frangia ai capelli >>,ผมหน้าม้า >>,Kahkül >>,Hair Bang >>
HairBangLeftOutline,Hair Bang >> Outline,Hair Bang >> Outline,头发 刘海 >> 轮廓,頭髮 瀏海 >> 輪廓,Pony >> Umriss,Flequillo >> Contorno,Contour Frange Côté >>,Hair Bang >> Vázlat,前髪 輪郭 >>,앞머리 >> 외곽선,Челка >> Контур,Franja do Cabelo >> Contorno,Чубчик для волосся >> Контур,Frangia capelli >> Contorno,เส้นร่างผมหน้าม้า >>,Kahkül >> Anahat,Hair Bang >> Kontur
HairBangMiddle,Hair Bang ><,Hair Bang ><,头发 刘海 ><,頭髮 瀏海 ><,Pony ><,Flequillo ><,Frange ><,Hair Bang ><,前髪 中央,앞머리 ><,Челка ><,Franja do Cabelo ><,Чубчик для волосся ><,Frangia ai capelli ><,ผมหน้าม้า ><,Kahkül ><,Hair Bang ><
HairBangMiddleOutline,Hair Bang >< Outline,Hair Bang >< Outline,头发 刘海 >< 轮廓,頭髮 瀏海 >< 輪廓,Pony >< Umriss,Flequillo >< Contorno,Contour Frange ><,Hair Bang >< Vázlat,前髪 中央 輪郭,앞머리 >< 외곽선,Челка >< Контур,Franja do Cabelo >< Contorno,Чубчик для волосся >< контур,Scoppio dei capelli >< Contorno,เส้นร่างผมหน้าม้า ><,Kahkül >< Anahat,Hair Bang >< Outline
HairBangRight,Hair Bang <<,Hair Bang <<,头发 刘海 <<,頭髮 瀏海 <<,Pony <<,Flequillo <<,Frange Côté <<,Hair Bang <<,前髪 <<,앞머리 <<,Челка <<,Franja do Cabelo <<,Чубчик для волосся <<,Frangia ai capelli <<,ผมหน้าม้า <<,Kahkül <<,Hair Bang <<
HairBangRightOutline,Hair Bang << Outline,Hair Bang << Outline,头发 刘海 << 轮廓,頭髮 瀏海 << 輪廓,Pony << Umriss,Flequillo << Contorno,Contour Frange Côté <<,Hair Bang << Vázlat,前髪 輪郭 <<,앞머리 << 외곽선,Челка << Контур,Franja do Cabelo << Contorno,Чубчик для волосся << Контур,Frangia Capelli << Contorno,เส้นร่างผมหน้าม้า <<,Kahkül << Anahat,Hair Bang << Outline
HairClipLeft,Hair Clip >>,Hair Clip >>,发夹 >>,髮夾 >>,Haarspange >>,Pinza para el pelo >>,Pince à Cheveux >>,Hajcsipesz >>,ヘアクリップ >>,머리핀 >>,Заколка >>,Grampo de Cabelo >>,Заколка для волосся >>,Fermaglio per capelli >>,กิ๊บติดผม >>,Saç Tokası >>,Hårklämma >>
HairClipLeftOutline,Hair Clip >> Outline,Hair Clip >> Outline,发夹 >> 轮廓,髮夾 >> 輪廓,Haarspange >> Umriss,Pinza para el cabello >> Contorno,Contour Pince à Cheveux >>,Hajcsat >> Vázlat,ヘアクリップ 輪郭 >>,머리핀 >> 외곽선,Заколка >> Контур,Grampo de Cabelo >> Contorno,Заколка для волосся >> Контур,Fermaglio per capelli >> Contorno,เส้นร่างกิ๊บติดผม >>,Saç Tokası >> Anahat,Hårklämma >> Kontur
HairClipRight,Hair Clip <<,Hair Clip <<,发夹 <<,髮夾 <<,Haarspange <<,Pinza para el pelo <<,Pince à Cheveux <<,Hajcsat <<,ヘアクリップ <<,머리핀 <<,Заколка  <<,Grampo de Cabelo <<,Заколка для волосся <<,Fermacapelli <<,กิ๊บติดผม <<,Saç Tokası <<,Hårklämma <<
HairClipRightOutline,Hair Clip << Outline,Hair Clip << Outline,发夹 << 轮廓,髮夾 << 輪廓,Haarspange << Umriss,Pinza para el cabello << Contorno,Contour Pince à Cheveux <<,Hajcsat << Vázlat,ヘアクリップ 輪郭 <<,머리핀 << 외곽선,Заколка << Контур,Grampo de Cabelo << Contorno,Заколка для волосся << Контур,Fermaglio per capelli << Contorno,เส้นร่างกิ๊บติดผม <<,Saç Tokası << Anahat,Hårklämma << Kontur
HairHighlightLeft1,Hair Highlight 1 >>,Hair Highlight 1 >>,挑染 1 >> ,挑染 1 >> ,Haar Highlight 1 >>,Mechas de cabello 1 >>,Mèches Individuelle 1 >>,Hajkiemelés 1 >>,髪ハイライト1 >>,머리 브릿지 1 >>,Торчащий волос 1 >>,Mechas do Cabelo 1 >>,Мелірування волосся 1 >>,Punti salienti dei capelli 1 >>,ชิ้นส่วนผม 1 >>,Saç Detayı 1 >>,Hårhöjdpunkt 1 >>
HairHighlightLeft1Outline,Hair Highlight 1 >> Outline,Hair Highlight 1 >> Outline,挑染 1 >> 轮廓,挑染 1 >> 輪廓,Haar Highlight 1 >> Umriss,Mechas de cabello 1 >> Contorno,Contour Mèches Individuelle 1 >>,Hajkiemelés 1 >> Vázlat,髪ハイライト1 輪郭 >>,머리 브릿지 1 >> 외곽선,Торчащий волос 1 >> Контур,Mechas do Cabelo 1 >> Contorno,Мелірування волосся 1 >> Контур,Evidenziazione dei capelli 1 >> Contorno,เส้นร่างชิ้นส่วนผม 1 >>,Saç Detayı 1 >> Anahat,Hårhöjdpunkt 1 >> Kontur
HairHighlightLeft2,Hair Highlight 2 >>,Hair Highlight 2 >>,挑染 2 >> ,挑染 2 >> ,Haar Highlight 2 >>,Mechas de cabello 2 >>,Mèches Individuelle 2 >>,Hajkiemelés 2 >>,髪ハイライト2 >>,머리 브릿지 2 >>,Торчащий волос 2 >>,Mechas do Cabelo 2 >>,Мелірування волосся 2 >>,Capelli in evidenza 2 >>,ชิ้นส่วนผม 2 >>,Saç Detayı 2 >>,Hårhöjdpunkt 2 >>
HairHighlightLeft2Outline,Hair Highlight 2 >> Outline,Hair Highlight 2 >> Outline,挑染 2 >> 轮廓,挑染 2 >> 輪廓,Haar Highlight 2 >> Umriss,Mechas de cabello 2 >> Contorno,Contour Individuelle 2 >>,Hajkiemelés 2 >> Vázlat,髪ハイライト2 輪郭 >>,머리 브릿지 2 >> 외곽선,Торчащий волос 2 >> Контур,Mechas do Cabelo 2 >> Contorno,Мелірування волосся 2 >> Контур,Evidenziazione dei capelli 2 >> Contorno,เส้นร่างชิ้นส่วนผม 2 >>,Saç Detayı 2 >> Anahat,Hårhöjdpunkt 2 >> Kontur
HairHighlightLeft3,Hair Highlight 3 >>,Hair Highlight 3 >>,挑染 3 >> ,挑染 3 >> ,Haar Highlight 3 >>,Mechas de cabello 3 >>,Mèches Individuelle 3 >>,Hajkiemelés 3 >>,髪ハイライト3 >>,머리 브릿지 3 >>,Торчащий волос 3 >>,Mechas do Cabelo 3 >>,Мелірування волосся 3 >>,Capelli in evidenza 3 >>,ชิ้นส่วนผม 3 >>,Saç Detayı 3 >>,Hårhöjdpunkt 3 >>
HairHighlightLeft3Outline,Hair Highlight 3 >> Outline,Hair Highlight 3 >> Outline,挑染 3 >> 轮廓,挑染 3 >> 輪廓,Haar Highlight 3 >> Umriss,Mechas de cabello 3 >> Contorno,Contour Mèches Individuelle 3 >>,Hajkiemelés 3 >> Vázlat,髪ハイライト3 輪郭 >>,머리 브릿지 3 >> 외곽선,Торчащий волос 3 >> Контур,Mechas do Cabelo 3 >> Contorno,Мелірування волосся 3 >> Контур,Evidenziazione dei capelli 3 >> Contorno,เส้นร่างชิ้นส่วนผม 3 >>,Saç Detayı 3 >> Anahat,Hårhöjdpunkt 3 >> Kontur
HairHighlightMiddle1,Hair Highlight 1 ><,Hair Highlight 1 ><,挑染 1 >< ,挑染 1 >< ,Haar Highlight 1 ><,Mechas de cabello 1 ><,Mèches Individuelle 1 ><,Hajkiemelés 1 ><,髪ハイライト1 中央,머리 브릿지 1 ><,Торчащий волос 1 ><,Mechas do Cabelo 1 ><,Мелірування волосся 1 ><,Capelli evidenziati 1 ><,ชิ้นส่วนผม 1 ><,Saç Detayı 1 ><,Hårhöjdpunkt 1 ><
HairHighlightMiddle1Outline,Hair Highlight 1 >< Outline,Hair Highlight 1 >< Outline,挑染 1 >< 轮廓,挑染 1 >< 輪廓,Haar Highlight 1 >< Umriss,Mechas de cabello 1 >< Contorno,Contour Mèches Individuelle 1 ><,Hajkiemelés 1 >< Vázlat,髪ハイライト1 中央 輪郭,머리 브릿지 1 >< 외곽선,Торчащий волос 1 >< Контур,Mechas do Cabelo 1 >< Contorno,Мелірування волосся 1 >< Контур,Capelli evidenziati 1 >< Contorno,เส้นร่างชิ้นส่วนผม 1 ><,Saç Detayı 1 >< Anahat,Hair Highlight 1 >< Outline
HairHighlightMiddle2,Hair Highlight 2 ><,Hair Highlight 2 ><,挑染 2 >< ,挑染 2 >< ,Haar Highlight 2 ><,Mechas de cabello 2 ><,Mèches Individuelle 2 ><,Hajkiemelés 2 ><,髪ハイライト2 中央,머리 브릿지 2 ><,Торчащий волос 2 ><,Mechas do Cabelo 2 >< ,Мелірування волосся 2 ><,Capelli evidenziati 2 ><,ชิ้นส่วนผม 2 ><,Saç Detayı 2 ><,Hair Highlight 2 ><
HairHighlightMiddle2Outline,Hair Highlight 2 >< Outline,Hair Highlight 2 >< Outline,挑染 2 >< 轮廓,挑染 2 >< 輪廓,Haar Highlight 2 >< Umriss,Mechas de cabello 2 >< Contorno,Contour Mèches Individuelle 2 ><,Hajkiemelés 2 >< Vázlat,髪ハイライト2 中央 輪郭,머리 브릿지 2 >< 외곽선,Торчащий волос 2 >< Контур,Mechas do Cabelo 2 >< Contorno,Мелірування волосся 2 >< Контур,Capelli evidenziati 2 >< Contorno,เส้นร่างชิ้นส่วนผม 2 ><,Saç Detayı 2 >< Anahat,Hair Highlight 2 >< Outline
HairHighlightMiddle3,Hair Highlight 3 ><,Hair Highlight 3 ><,挑染 3 >< ,挑染 3 >< ,Haar Highlight 3 ><,Destacado del cabello 3 ><,Mèches Individuelle 3 ><,Hajkiemelés 3 ><,髪ハイライト3 中央,머리 브릿지 3 ><,Торчащий волос 3 ><,Mechas do Cabelo 3 >< ,Мелірування волосся 3 ><,Capelli evidenziati 3 ><,ชิ้นส่วนผม 3 ><,Saç Detayı 3 ><,Hair Highlight 3 ><
HairHighlightMiddle3Outline,Hair Highlight 3 >< Outline,Hair Highlight 3 >< Outline,挑染 3 >< 轮廓,挑染 3 >< 輪廓,Haar Highlight 3 >< Umriss,Mechas de cabello 3 >< Contorno,Contour Mèches Individuelle 3 ><,Hajkiemelés 3 >< Vázlat,髪ハイライト3 中央 輪郭,머리 브릿지 3 >< 외곽선,Торчащий волос 3 >< Контур,Mechas do Cabelo 3 >< Contorno,Мелірування волосся 3 >< Контур,Capelli evidenziati 3 >< Contorno,เส้นร่างชิ้นส่วนผม 3 ><,Saç Detayı 3 >< Anahat,Hair Highlight 3 >< Outline
HairHighlightMiddle4,Hair Highlight 4 ><,Hair Highlight 4 ><,挑染 4 >< ,挑染 4 >< ,Haar Highlight 4 ><,Mechas de cabello 4 ><,Mèches Individuelle 4 ><,Hajkiemelés 4 ><,髪ハイライト4 中央,머리 브릿지 4 ><,Торчащий волос 4 ><,Mechas do Cabelo 4 ><,Мелірування волосся 4 ><,Capelli evidenziati 4 ><,ชิ้นส่วนผม 4 ><,Saç Vurgulama 4 ><,Hair Highlight 4 ><
HairHighlightMiddle4Outline,Hair Highlight 4 >< Outline,Hair Highlight 4 >< Outline,挑染 4 >< 轮廓,挑染 4 >< 輪廓,Haar Highlight 4 >< Umriss,Mechas de cabello 4 >< Contorno,Contour Mèches Individuelle 4 ><,Hajkiemelés 4 >< Vázlat,髪ハイライト4 中央 輪郭,머리 브릿지 4 >< 외곽선,Торчащий волос 4 >< Контур,Mechas do Cabelo 4 >< Contorno,Мелірування волосся 4 >< контур,Capelli evidenziati 4 >< Contorno,เส้นร่างชิ้นส่วนผม 4 ><,Saç Vurgulama 4 >< Anahat,Hair Highlight 4 >< Outline
HairHighlightMiddle5,Hair Highlight 5 ><,Hair Highlight 5 ><,挑染 5 >< ,挑染 5 >< ,Haar Highlight 5 ><,Mechas de cabello 5 ><,Mèches Individuelle 5 ><,Hajkiemelés 5 ><,髪ハイライト5 中央,머리 브릿지 5 ><,Торчащий волос 5 ><,Mechas do Cabelo 5 >< ,Мелірування волосся 5 ><,Capelli evidenziati 5 ><,ชิ้นส่วนผม 5 ><,Saç Vurgulama 5 ><,Hårhöjdpunkt 5 ><
HairHighlightMiddle5Outline,Hair Highlight 5 >< Outline,Hair Highlight 5 >< Outline,挑染 5 >< 轮廓,挑染 5 >< 輪廓,Haar Highlight 5 >< Umriss,Mechas de cabello 5 >< Contorno,Contour Mèches Individuelle 5 ><,Hajkiemelés 5 >< Vázlat,髪ハイライト5 中央 輪郭,머리 브릿지 5 >< 외곽선,Торчащий волос 5 >< Контур,Mechas do Cabelo 5 >< Contorno,Мелірування волосся 5 >< контур,Capelli evidenziati 5 >< Contorno,เส้นร่างชิ้นส่วนผม 5 ><,Saç Vurgulama 5 >< Anahat,Hair Highlight 5 >< Outline
HairHighlightMiddle6,Hair Highlight 6 ><,Hair Highlight 6 ><,挑染 6 >< ,挑染 6 >< ,Haar Highlight 6 ><,Mechas de cabello 6 ><,Mèches Individuelle 6 ><,Hajkiemelés 6 ><,髪ハイライト6 中央,머리 브릿지 6 ><,Торчащий волос 6 ><,Mechas do Cabelo 6 >< ,Мелірування волосся 6 ><,Capelli evidenziati 6 ><,ชิ้นส่วนผม 6 ><,Saç Vurgulama 6 ><,Hair Highlight 6 ><
HairHighlightMiddle6Outline,Hair Highlight 6 >< Outline,Hair Highlight 6 >< Outline,挑染 6 >< 轮廓,挑染 6 >< 輪廓,Haar Highlight 6 >< Umriss,Mechas de cabello 6 >< Contorno,Contour Mèches Individuelle 6 ><,Hajkiemelés 6 >< Vázlat,髪ハイライト6 中央 輪郭,머리 브릿지 6 >< 외곽선,Торчащий волос 6 >< Контур,Mechas do Cabelo 5 >< Contorno,Мелірування волосся 6 >< Контур,Capelli evidenziati 6 >< Contorno,เส้นร่างชิ้นส่วนผม 6 ><,Saç Vurgulama 6 >< Anahat,Hair Highlight 6 >< Outline
HairHighlightRight1,Hair Highlight 1 <<,Hair Highlight 1 <<,挑染 1 << ,挑染 1 << ,Haar Highlight 1 <<,Mechas de cabello 1 <<,Mèches Individuelle 1 <<,Hajkiemelés 1 <<,髪ハイライト1 <<,머리 브릿지 1 <<,Торчащий волос 1 <<,Mechas do Cabelo 1 << ,Мелірування волосся 1 <<,Capelli in evidenza 1 <<,ชิ้นส่วนผม 1 <<,Saç Vurgulama 1 <<,Hårhöjdpunkt 1 <<
HairHighlightRight1Outline,Hair Highlight 1 << Outline,Hair Highlight 1 << Outline,挑染 1 << 轮廓,挑染 1 << 輪廓,Haar Highlight 1 << Umriss,Mechas de cabello 1 << Contorno,Contour Mèches Individuelle 1 <<,Hajkiemelés 1 << Vázlat,髪ハイライト1 輪郭 <<,머리 브릿지 1 << 외곽선,Торчащий волос 1 << Контур,Mechas do Cabelo 1 << Contorno,Мелірування волосся 1 << Контур,Capelli in evidenza 1 << Contorno,เส้นร่างชิ้นส่วนผม 1 <<,Saç Vurgulama 1 << Anahat,Hair Highlight 1 << Outline
HairHighlightRight2,Hair Highlight 2 <<,Hair Highlight 2 <<,挑染 2 << ,挑染 2 << ,Haar Highlight 2 <<,Mechas de cabello 2 <<,Mèches Individuelle 2 <<,Hajkiemelés 2 <<,髪ハイライト2 <<,머리 브릿지 2 <<,Торчащий волос 2 <<,Mechas do Cabelo 2 << ,Мелірування волосся 2 <<,Capelli in evidenza 2 <<,ชิ้นส่วนผม 2 <<,Saç Vurgulama 2 <<,Hair Highlight 2 <<
HairHighlightRight2Outline,Hair Highlight 2 << Outline,Hair Highlight 2 << Outline,挑染 2 << 轮廓,挑染 2 << 輪廓,Haar Highlight 2 << Umriss,Mechas de cabello 2 << Contorno,Contour Mèches Individuelle 2 <<,Hajkiemelés 2 << Vázlat,髪ハイライト2 輪郭 <<,머리 브릿지 2 << 외곽선,Торчащий волос 2 << Контур,Mechas do Cabelo 2 << Contorno,Мелірування волосся 2 << Контур,Capelli in evidenza 2 << Contorno,เส้นร่างชิ้นส่วนผม 2 <<,Saç Vurgulama 2 << Anahat,Hair Highlight 2 << Outline
HairHighlightRight3,Hair Highlight 3 <<,Hair Highlight 3 <<,挑染 3 << ,挑染 3 << ,Haar Highlight 3 <<,Mechas de cabello 3 <<,Mèches Individuelle 3 <<,Hajkiemelés 3 <<,髪ハイライト3 <<,머리 브릿지 3 <<,Торчащий волос 3 <<,Mechas do Cabelo 3 <<,Мелірування волосся 3 <<,Capelli in evidenza 3 <<,ชิ้นส่วนผม 3 <<,Saç Vurgulama 3 <<,Hair Highlight 3 <<
HairHighlightRight3Outline,Hair Highlight 3 << Outline,Hair Highlight 3 << Outline,挑染 3 << 轮廓,挑染 3 << 輪廓,Haar Highlight 3 << Umriss,Mechas de cabello 3 << Contorno,Contour Mèches Individuelle 3 <<,Hajkiemelés 3 << Vázlat,髪ハイライト3 輪郭 <<,머리 브릿지 3 << 외곽선,Торчащий волос 3 << Контур,Mechas do Cabelo 3 << Contorno,Мелірування волосся 3 << Контур,Capelli in evidenza 3 << Contorno,เส้นร่างชิ้นส่วนผม 3 <<,Saç Vurgulama 3 << Anahat,Hair Highlight 3 << Outline
Hairline,Hairline Outline,Hairline Outline,发际线 轮廓,髮際線 輪廓,Haarlinien Umriss,Contorno de la rayita,Contour Implantation Cheveux,Hajvonal vázlat,生え際 輪郭,헤어라인 외곽선,Линия роста волос Контур,Contorno da Frente do Cabelo ,Контур лінії волосся,Contorno dell'attaccatura dei capelli,เส้นร่างไรผม,Saç Çizgisi Anahat,Hårlinje kontur
HairShine,Hair Shine,Hair Shine,头发 高光,頭髮 高光,Haarglanz,Brillo del cabello,Lumière Cheveux,Hajfény,髪ツヤ,머리 하이라이트,Волосы Сияние,Cabelo Brilhante,Блиск волосся,Lucentezza dei capelli,ไฮไลต์ผม,Saç Parıltısı,Hårglans
HairShineOutline,Hair Shine Outline,Hair Shine Outline,头发 高光 轮廓,頭髮 高光 輪廓,Haarglanz Umriss,Contorno del brillo del cabello,Contour Lumière Cheveux,Hajfény vázlat,髪ツヤ 輪郭,머리 하이라이트 외곽선,Волосы Сияние Контур,Contorno do Cabelo Brilhante,Контур блиску волосся,Contorno di lucentezza dei capelli,เส้นร่างไฮไลต์ผม,Saç Parıltısı Anahat,Hår glans kontur
Halo,Halo,Halo,光环,光環,Heiligenschein,Halo,Halo,Halo,天使の輪,헤일로,Нимб,Auréola,Ореол,Alone,Halo,Hale,Halo
HaloOutline,Halo Outline,Halo Outline,光环 轮廓,光環 輪廓,Heiligenschein Umriss,Contorno del halo,Contour du Halo,Halo Outline,天使の輪 輪郭,헤일로 외곽선,Нимб Контур,Contorno da Auréola,Контур Halo,Contorno dell'alone,เส้นร่าง Halo,Hale Anahat,Halo Outline
Hat,Hat,Hat,帽子,帽子,Hut,Sombrero,Chapeau,Kalap,帽子,모자,Шляпа,Chapéu,Капелюх,Cappello,หมวก,Şapka,Hatt
HatOutline,Hat Outline,Hat Outline,帽子 轮廓,帽子 輪廓,Hut Umriss,Contorno del sombrero,Contour Chapeau,Kalap vázlat,帽子 輪郭,모자 외곽선,Шляпа Контур,Contorno do Chapéu,Контур капелюха,Profilo del cappello,เส้นร่าง,Şapka Anahat,Hattkontur
HatSecondary,Hat Secondary,Hat Secondary,帽子 次要,帽子 次要,Hut Sekundär,Sombrero Secundario,Chapeau Secondaire,Kalap másodlagos,帽子パーツ,보조 모자,Шляпа 2,Chapéu Secundário,Капелюх Вторинний,Cappello secondario,หมวกรอง,Şapka İkincil,Hatt Sekundär
HatOutlineSecondary,Hat Secondary Outline,Hat Secondary Outline,帽子 次要 轮廓,帽子 次要 輪廓,Hut Sekundär Umriss,Contorno del sombrero secundario,Contour Chapeau Secondaire,Kalap másodlagos vázlat,帽子パーツ 輪郭,보조 모자 외곽선,Шляпа 2 Контур,Contorno do Chapéu Secundário,Вторинний контур капелюха,Contorno secondario del cappello,เส้นร่างหมวกรอง,Şapka İkincil Anahat,Hat sekundär kontur
Hammer,Hammer,Hammer,锤子,錘子,Hammer,Martillo,Marteau,Kalapács,ハンマー,망치,Молоток,Martelo,Молоток,Martello,ค้อน,Çekiç,Hammare
HeadWingLeft,Ear Wing >>,Ear Wing >>,翅膀耳朵 >>,翅膀耳朵 >>,Ohrflügel >>,Ala de oreja >>,Aile d'Oreille >>,Fülszárny >>,耳羽 >>,날개 귀 >>,Крыло-ухо >>,Asa Orelha >>,Вухо Крило >>,Ala dell'orecchio >>,หูปีก >>,Kulak Kanadı >>,Öronvinge >>
HeadWingLeftOutline,Ear Wing >> Outline,Ear Wing >> Outline,翅膀耳朵 >> 轮廓,翅膀耳朵 >> 輪廓,Ohrflügel >> Umriss,Ala de oreja >> Contorno,Contour Aile d'Oreille >>,Fülszárny >> Vázlat,耳羽 輪郭 >>,날개 귀 >> 외곽선,Крыло-ухо >> Контур,Asa Orelha >> Contorno,Крильце колоса >> Контур,Ala dell'orecchio >> Contorno,เส้นร่างหูปีก >>,Kulak Kanadı >> Anahat,Öronvinge >> Kontur
HeadWingRight,Ear Wing <<,Ear Wing <<,翅膀耳朵 <<,翅膀耳朵 <<,Ohrflügel <<,Ala de oreja <<,Aile d'Oreille <<,Fülszárny <<,耳羽 <<,날개 귀 <<,Крыло-ухо <<,Asa Orelha <<,Вухо Крило <<,Ala dell'orecchio <<,หูปีก <<,Kulak Kanadı <<,Öronvinge <<
HeadWingRightOutline,Ear Wing << Outline,Ear Wing << Outline,翅膀耳朵 << 轮廓,翅膀耳朵 << 輪廓,Ohrflügel << Umriss,Ala de oreja << Contorno,Contour Aile d'Oreille <<,Fülszárny << Vázlat,耳羽 輪郭 <<,날개 귀 << 외곽선,Крыло-ухо << Контур,Asa Orelha << Contorno,Вухо Крило << Контур,Ala dell'orecchio << Contorno,เส้นร่างหูปีก <<,Kulak Kanadı << Anahat,Öronvinge << Kontur
Heart,Heart,Heart,爱心,愛心,Herz,Corazón,Cœur,Szív,ハート,하트,Сердце,Coração,серце,Cuore,หัวใจ,Kalp,Hjärta
HornLeft,Horn >>,Horn >>,角 >>,角 >>,Horn >>,Cuerno >>,Corne >>,Kürt >>,角 >>,뿔 >>,Рог >>,Chifre >> ,Ріг >>,Corno >>,เขา >>,Boynuz >>,Horn >>
HornLeftOutline,Horn >> Outline,Horn >> Outline,角 >> 轮廓,角 >> 輪廓,Horn >> Umriss,Cuerno >> Contorno,Contour Corne >>,Kürt >> Vázlat,角 輪郭 >>,뿔 >> 외곽선,Рог >> Контур,Chifre >> Contorno,Ріг >> Контур,Corno >> Contorno,เส้นร่างเขา >>,Boynuz >> Anahat,Horn >> Kontur
HornRight,Horn <<,Horn <<,角 <<,角 <<,Horn <<,Cuerno <<,Corne <<,Kürt <<,角 <<,뿔 <<,Рог <<,Chifre <<,Ріг <<,Corno <<,เขา <<,Boynuz <<,Horn <<
HornRightOutline,Horn << Outline,Horn << Outline,角 <<轮廓,角 << 輪廓,Horn << Umriss,Cuerno << Contorno,Contour Corne <<,Kürt << Vázlat,角 輪郭 <<,뿔 << 외곽선,Рог << Контур,Chifre << Contorno,Горн << Контур,Corno << Contorno,เส้นร่างเขา <<,Boynuz << Anahat,Horn << Outline
HornMiddle,Horn ><,Horn ><,角 ><,角 ><,Horn ><,Cuerno ><,Corne ><,Kürt ><,角 中央,뿔 ><,Рог ><,Chifre ><,Ріг ><,Corno ><,เขา ><,Boynuz ><,Horn ><
HornMiddleOutline,Horn >< Outline,Horn >< Outline,角 >< 轮廓,角 >< 輪廓,Horn >< Umriss,Cuerno >< Contorno,Contour Corne ><,Kürt >< Vázlat,角 中央 輪郭,뿔 >< 외곽선,Рог >< Контур,Chifre >< Contorno,Горн >< Контур,Corno >< Contorno,เส้นร่างเขา ><,Boynuz >< Anahat,Horn >< Kontur
JailGrill,Jail Grill,Jail Grill,监狱栅栏,監獄柵欄,Gefängnis,Barrotes de la cárcel,Grille de Prison,Jail Grill,牢屋格子,감옥 창살,Тюремный решетка,Grade da Prisão,Тюремний гриль,Griglia della prigione,ลูกกรงคุก,Hapishane Demiri,Jail Grill
Keyboard,Keyboard,Keyboard,键盘,鍵盤,Tastatur,Teclado,Clavier,Billentyűzet,キーボード,키보드,Клавиатура,Teclado,Клавіатура,Tastiera,คีย์บอร์ด,Klavye,Tangentbord
KitchenKnife,Kitchen Knife,Kitchen Knife,厨房刀,廚房刀,Küchenmesser,Cuchillo de cocina,Couteau de Cuisine,Konyhai kés,包丁,식칼,Кухонный нож,Faca de Cozinha,Кухонний ніж,Coltello da cucina,มีดทำครัว,Mutfak Bıçağı,Kökskniv
Laptop,Laptop,Laptop,电脑,電腦,Laptop,Computadora portátil,Ordinateur Portable,Laptop,ノートPC,노트북,Ноутбук,Computador Portátil,Ноутбук,Computer portatile,แล็ปท็อป,Dizüstü Bilgisayar,Laptop
LaptopLight,Laptop Light,Laptop Light,电脑 屏幕光,電腦 螢幕光,Laptop Licht,Luz de la computadora portátil,Lumière Ordinateur Portable,Laptop fény,ノートPCライト,노트북 불빛,Ноутбук Свечение,Luz do Computador Portátil,Світло ноутбука,Luce per laptop,แสงแล็ปท็อป,Dizüstü Bilgisayar Işığı,Ljus för bärbar dator
LegLeft,Leg >>,Leg >>,腿 >>,腿 >>,Bein >>,Pierna >>,Jambe >>,Láb >>,脚 >>,다리 >>,Нога >>,Perna >>,Нога >>,Gamba >>,ขา >>,Bacak >>,Ben >>
LegRight,Leg <<,Leg <<,腿 <<,腿 <<,Bein <<,Pierna <<,Jambe <<,Láb <<,脚 <<,다리 <<,Нога <<,Perna <<,Ніжка <<,Gamba <<,ขา <<,Bacak <<,Ben <<
LightstickHandle,Lightstick Handle,Lightstick Handle,荧光棒 把手,螢光棒 把手,Leuchtstabgriff,Mango del Lightstick,Bâton Lumineux Poignée,Lightstick fogantyú,ペンライト持ち手,응원봉 손잡이,Рукоять Лайтстик,Cabo Bastão de Luz,Ручка Lightstick,Maniglia del bastone luminoso,ด้ามจับของแท่งไฟ,Işık Çubuğu Tutacağı,Lightstick handtag
LightStickLeft,Light Stick >>,Light Stick >>,荧光棒 >>,螢光棒 >>,Leuchtstab >>,Lightstick >>,Bâton lumineux >>,Light Stick >>,ペンライト >>,응원봉 >>,Лайтстик >>,Bastão de Luz >>,Світлова паличка >>,Bastone luminoso >>,แท่งไฟ >>,Işık Çubuğu >>,Ljussticka >>
LightStickRight,Light Stick <<,Light Stick <<,荧光棒 <<,螢光棒 <<,Leuchtstab <<,Lightstick <<,Bâton lumineux <<,Light Stick <<,ペンライト <<,응원봉 <<,Лайтстик <<,Bastão de Luz <<,Світлова паличка <<,Bastone luminoso <<,แท่งไฟ <<,Işık Çubuğu <<,Ljussticka <<
Mecha,Mecha,Mecha,机械,機械,Mecha,Mecha,Mecha,Mecha,メカ,메카,Меха,Mecha,Меха,Mecca,ส่วนหุ่นยนต์,Mecha,Mecha
MechaLeft,Mecha >>,Mecha >>,机械 >>,機械 >>,Mecha >>,Mecha >>,Mecha >>,Mecha >>,メカ >>,메카 >>,Меха >>,Mecha >>,Меха >>,Mecca >>,ส่วนหุ่นยนต์ >>,Mecha >>,Meka >>
MechaLeftOutline,Mecha >> Outline,Mecha >> Outline,机械 >> 轮廓,機械 >> 輪廓,Mecha >> Umriss,Mecha >> Contorno,Contour Mecha >>,Mecha >> Vázlat,メカ 輪郭 >>,메카 >> 외곽선,Меха >> Контур,Mecha >> Contorno,Mecha >> Схема,Mecha >> Contorno,เส้นร่างส่วนหุ่นยนต์ >>,Mecha >> Anahat,Meka >> Översikt
MechaOutline,Mecha Outline,Mecha Outline,机械 轮廓,機械 輪廓,Mecha Umriss,Contorno del mecha,Contour du Mecha,Mecha körvonal,メカ 輪郭,메카 외곽선,Меха Контур,Mecha Contorno,Механічний контур,Contorno del mecha,เส้นร่างส่วนหุ่นยนต์,Mecha Anahat,Mecha Outline
MechaRight,Mecha <<,Mecha <<,机械 <<,機械 <<,Mecha <<,Mecha <<,Mecha <<,Mecha <<,メカ <<,메카 <<,Меха <<,Mecha <<,Меха <<,Mecca <<,ส่วนหุ่นยนต์ <<,Mecha <<,Meka <<
MechaRightOutline,Mecha << Outline,Mecha << Outline,机械 << 轮廓,機械 << 輪廓,Mecha << Umriss,Mecha << Contorno,Contour Mecha <<,Mecha << Vázlat,メカ 輪郭 <<,메카 << 외곽선,Меха << Контур,Mecha << Contorno,Mecha << Схема,Mecha << Contorno,เส้นร่างส่วนหุ่นยนต์ <<,Mecha << Anahat,Meka << Översikt
Mouse,Mouse,Mouse,鼠标,滑鼠,Maus,Ratón,Souris,Egér,マウス,마우스,Мышь,Rato,миша,Topo,เม้าส์,Fare,Mus
Mouth,Mouth/Tongue,Mouth/Tongue,嘴/舌头,嘴/舌頭,Mund/Zunge,Boca/Lengua,Bouche/Langue,Száj/nyelv,口／舌,입/혀,Рот/Язык,Boca/Lingua,Рот/Язик,Bocca/Lingua,ปาก/ลิ้น,Ağız/Dil,Mun/tunga
MouthShadow,Mouth/Tongue Shadow,Mouth/Tongue Shadow,嘴/舌头 阴影,嘴/舌頭 陰影,Mund/Zungenschatten,Sombra de boca/lengua,Ombre Bouche/Langue,Száj/nyelv árnyék,口／舌 影,입/혀 음영,Рот/Язык Тень,Boca/Lingua Sombra,Тінь рота/язика,Ombra della bocca/lingua,เงาปาก/ลิ้น,Ağız/Dil Gölgesi,Mun/Tunga Skugga
Notepad,Notepad,Notepad,记事本,記事本,Notizblock,Bloc de notas,Bloc-Notes,Jegyzettömb,メモ帳,수첩,Блокнот,Bloco de Notas,Блокнот,Blocco note,สมุดบันทึก,Not Defteri,Anteckningsblock
OutfitCollar,Outfit Collar,Outfit Collar,服装 领子,服裝 領子,Outfit Kragen,Cuello del Outfit,Tenue Col,Outfit gallér,襟,의상 옷깃,Воротник,Gola,Екіпірування Комір,Collare dell'abito,ปกเสื้อ,Kıyafet Yaka,Outfit krage
OutfitCollarOutline,Outfit Collar Outline,Outfit Collar Outline,服装 领子 轮廓,服裝 領子 輪廓,Outfit Kragen Umriss,Contorno del cuello del Outfit,Contour Tenue Col,Outfit gallér vázlat,襟 輪郭,의상 옷깃 외곽선,Воротник Контур,Contorno da Gola,Контур коміра одягу,Contorno del colletto dell'abito,เส้นร่าง,Kıyafet Yaka Anahat,Outfit krage Kontur
OutfitInner,Outfit Inner,Outfit Inner,服装 里侧,服裝 內側,Outfit innen,Outfit interior,Tenue Intérieure,Outfit belső,服 内側,의상,Плечевая одежда,Roupa Interior,Наряд Внутрішній,Abito interno,ชุดด้านใน,Kıyafet İçi,Outfit Inner
OutfitInnerOutline,Outfit Inner Outline,Outfit Inner Outline,服装 里侧 轮廓,服裝 內側 輪廓,Outfit innen Umriss,Contorno del Outfit interior,Contour Tenue Intérieure,Outfit belső körvonala,服 内側 輪郭,의상 외곽선,Плечевая одежда Контур,Contorno da Roupa Interior,Внутрішній контур спорядження,Contorno interno del vestito,เส้นร่าง,Kıyafet İçi Anahat,Outfit Inner Outline
OutfitNeckwearA,Outfit Neckwear A,Outfit Neckwear A,服装 颈部装饰 A,服裝 頸部裝飾 A,Outfit Halsschmuck A,Accesorios de cuello A, Cravate A,Outfit Neckwear A,ネックウェアA,목장식 A, Галстук А,Acessório de Pescoço A,Одяг Одяг А,Completo cravatta A,เครื่องประดับคอ A,Boyun Takıları A,Outfit Neckwear A
OutfitNeckwearAOutline,Outfit Neckwear A Outline,Outfit Neckwear A Outline,服装 颈部装饰 A 轮廓,服裝 頸部裝飾 A 輪廓,Outfit Halsschmuck A Umriss,Contorno del accesorio de cuello A,Contour Cravate A,Outfit Neckwear Egy körvonal,ネックウェアA 輪郭,목장식 A 외곽선,Галстук A Контур,Acessório de Pescoço A Contorno,Спорядження Neckwear контур,Outfit Cravatte A Outline,เส้นร่างเครื่องประดับคอ A,Boyun Takıları A Anahat,Outfit Neckwear A Outline
OutfitNeckwearB,Outfit Neckwear B,Outfit Neckwear B,服装 颈部装饰 B,服裝 頸部裝飾 B,Outfit Halsschmuck B,Accesorios de cuello B,Cravate B,Outfit Neckwear B,ネックウェアB,목장식 B,Галстук B,Acessório de Pescoço B,Одяг для шиї B,Completo cravatta B,เครื่องประดับคอ B,Boyun Takıları B,Outfit Neckwear B
OutfitNeckwearBOutline,Outfit Neckwear B Outline,Outfit Neckwear B Outline,服装 颈部装饰 B 轮廓,服裝 頸部裝飾 B 輪廓,Outfit Halsschmuck B Umriss,Contorno del accesorio de cuello B,Contour Cravate B,Outfit Neckwear B körvonal,ネックウェアB 輪郭,목장식 B 외곽선,Галстук B Контур,Acessório de Pescoço B Contorno,Спорядження Neckwear B контур,Outfit Neckwear B Outline,เส้นร่างเครื่องประดับคอ B,Boyun Takıları B Anahat,Outfit Neckwear B Outline
OutfitNeckwearC,Outfit Neckwear C,Outfit Neckwear C,服装 颈部装饰 C,服裝 頸部裝飾 C,Outfit Halsschmuck C,Accesorios de cuello C,Cravate C,Outfit Neckwear C,ネックウェアC,목장식 C,Галстук С,Acessório de Pescoço C,Одяг нашийник C,Completo di cravatte C,เครื่องประดับคอ C,Boyun Takıları C,Outfit Neckwear C
OutfitNeckwearCOutline,Outfit Neckwear C Outline,Outfit Neckwear C Outline,服装 颈部装饰 C 轮廓,服裝 頸部裝飾 C 輪廓,Outfit Halsschmuck C Umriss,Contorno del accesorio de cuello C,Contour Cravate C,Outfit Neckwear C körvonal,ネックウェアC 輪郭,목장식 C 외곽선,Галстук С Контур,Acessório de Pescoço C Contorno,Спорядження Neckwear C контур,Outfit Neckwear C Outline,เส้นร่างเครื่องประดับคอ C,Boyun Takıları C Anahat,Outfit Neckwear C Outline
OutfitOuter,Outfit Outer,Outfit Outer,服装 外侧,服裝 外側,Outfit außen,Traje exterior,Tenue Extérieure,Outfit Outer,服 外側,겉옷,Верхняя одежда,Roupa Exterior,Одяг Зовнішній,Vestito esterno,ชุดด้านนอก,Kıyafet Dışı,Outfit yttre
OutfitOuterOutline,Outfit Outer Outline,Outfit Outer Outline,服装 外侧 轮廓,服裝 外側 輪廓,Outfit außen Umriss,Contorno del traje exterior,Contour Tenue Extérieure,Outfit külső körvonala,服 外側 輪郭,겉옷 외곽선,Верхняя одежда Контур,Contorno da Roupa Exterior,Зовнішній контур спорядження,Contorno esterno del vestito,เส้นร่างชุดด้านนอก,Kıyafet Dışı Anahat,Outfit Outer Outline
Pencil,Pencil,Pencil,铅笔,鉛筆,Bleistift,Lápiz,Crayon,Ceruza,鉛筆,연필,Карандаш,Lápis,Олівець,Matita,ดินสอ,Kalem,Penna
Phone,Phone,Phone,手机,手機,Telefon,Teléfono,Téléphone,Telefon,スマホ,핸드폰,Телефон,Telefone,Телефон,Telefono,โทรศัพท์มือถือ,Telefon,Telefon
PhoneLight,Phone Light,Phone Light,手机 屏幕光,手機 螢幕光,Telefon Licht,Luz del teléfono,Lumière du Téléphone,Telefonfény,スマホライト,핸트폰 불빛,Телефон Свет,Luz do Telefone,Світло телефону,Luce del telefono,แสงโทรศัพท์มือถือ,Telefon Işığı,Telefonljus
PigtailLeft,Hair Pigtail >>,Hair Pigtail >>,头发 马尾 >>,頭髮 馬尾 >>,Haarzopf >>,Coleta de pelo >>,Queue de cochon >>,Haj Pigtail >>,おさげ >>,양갈래 머리 >>,Волосы Хвостик >>,Rabo de Cavalo >>,Косичка для волосся >>,Codino per capelli >>,มัดผม >>,Saç Topuzu >>,Hår Pigtail >>
PigtailLeftOutline,Hair Pigtail >> Outline,Hair Pigtail >> Outline,头发 马尾 >> 轮廓,頭髮 馬尾 >> 輪廓,Haarzopf >> Umriss,Coleta de pelo >> Contorno,Contour Couettes >>,Haj Pigtail >> Vázlat,おさげ 輪郭 >>,양갈래 머리 >> 외곽선,Волосы Хвостик>> Контур,Rabo de Cavalo >> Contorno,Косичка для волосся >> Контур,Codino di capelli >> Contorno,เส้นร่างมัดผม >>,Saç Topuzu >> Anahat,Hår Pigtail >> Kontur
PigtailRight,Hair Pigtail <<,Hair Pigtail <<,头发 马尾 <<,頭髮 馬尾 <<,Haarzopf <<,Coleta de pelo <<,Couettes <<,Haj Pigtail <<,おさげ <<,양갈래 머리 <<,Волосы Хвостик <<,Rabo de Cavalo << ,Косичка для волосся <<,Codino per capelli <<,มัดผม <<,Saç Topuzu <<,Hår Pigtail <<
PigtailRightOutline,Hair Pigtail << Outline,Hair Pigtail << Outline,头发 马尾 << 轮廓,頭髮 馬尾 << 輪廓,Haarzopf << Umriss,Coleta de pelo << Contorno,Contour Couettes <<,Haj Pigtail << Vázlat,おさげ 輪郭 <<,양갈래 머리 << 외곽선,Волосы Хвостик<< Контур,Rabo de Cavalo << Contorno,Косичка для волосся << Контур,Codino per capelli << Contorno,เส้นร่างมัดผม <<,Saç Topuzu << Anahat,Hår Pigtail << Kontur
Rose,Rose,Rose,玫瑰,玫瑰,Rose,Rosa,Rose,Rózsa,バラ,장미,Роза,Rosa,Роза,Rosa,ดอกกุหลาบ,Gül,Ros
RoundSign,Round Sign,Round Sign,圆形标牌,圓形標牌,Rundes Schild,Señal redonda,Panneau Rond,Kerek Jel,採点棒,원형 팻말,Круглый знак,Sinal Redondo,Круглий знак,Segno rotondo,ป้ายกลม,Yuvarlak İşaret,Runda tecken
RoundSignText,Round Sign Text,Round Sign Text,圆形标牌 文字,圓形標牌 文字,Rundes Schild Text,Texto de la señal redonda,Texte Panneau Rond,Kerek jel szöveg,採点棒の文字,원형 팻말 텍스트,Круглый знак Текст,Sinal Redondo com Texto,круглий знак текст,Testo del segno rotondo,ข้อความบนป้ายกลม,Yuvarlak İşaret Metni,Runda tecken Text
SideHair,Hair Side,Hair Side,头发 侧面,頭髮 側面,Haare Seite,Cabello de los lados trasero,Cheveux Côtés,Hajoldal,横髪,옆머리(전체),Боковые волосы,Cabelo Lateral,Сторона волосся,Lato dei capelli,ผมด้านข้าง,Saçın Yanı,Hårsida
SideHairOutline,Hair Side Outline,Hair Side Outline,头发 侧面 轮廓,頭髮 側面 輪廓,Haare Seite Umriss,Contorno del cabello de los lados trasero,Contour Cheveux Côtés,Haj oldalsó körvonal,横髪 輪郭,옆머리(전체) 외곽선,Боковые волосы Контур,Contorno do Cabelo Lateral,Контур волосся збоку,Contorno laterale dei capelli,เส้นร่างผมด้านข้าง,Saçın Yanı Anahat,Hår sidokontur
Skin,Skin,Skin,肤色,膚色,Haut,Piel,Peau,Bőr,肌,피부,Кожа,Pele,Шкіра,Pelle,ผิว,Deri,Hud
SkinOutline,Skin Outline,Skin Outline,肤色 轮廓,膚色 輪廓,Hautumriss,Contorno de la piel,Contour Peau,Bőr körvonala,肌 輪郭,피부 외곽선,Кожа Контур,Contorno da Pele,Контур шкіри,Contorno della pelle,เส้นร่างผิว,Deri Anahat,Hudkontur
SquareSign,Square Sign,Square Sign,方形标牌,方形標牌,Quadratisches Schild,Señal cuadrada,Panneau Carré,négyzet alakú jel,手持ち看板,사각형 팻말,Квадратный знак,Sinal Quadrado,Квадратний знак,Segno quadrato,ป้ายสี่เหลี่ยม,Kare İşaret,Fyrkantigt tecken
SquareSignText,Square Sign Text,Square Sign Text,方形标牌 文字,方形標牌 文字,Quadratisches Schild Text,Texto de la señal cuadrada,Texte Panneau Carré,Négyzet alakú jel szöveg,手持ち看板の文字,사각형 팻말 텍스트,Квадратный знак Текст,Texto do Sinal Quadrado,Текст квадратного знака,Testo del segno quadrato,ข้อความป้ายสี่เหลี่ยม,Kare İşaret Metni,Fyrkantig teckentext
SteeringWheel,Steering Wheel,Steering Wheel,方向盘,方向盤,Lenkrad,Volante,Volant,Kormánykerék,ハンドル,운전대,Руль,Volante,Кермо,Volante,พวงมาลัย,Direksiyon,Ratt
GasBottle,Gas Bottle,Gas Bottle,压缩气瓶,壓縮氣瓶,Gasflasche,Tanque de Copium,Bouteille de Gaz,Gázpalack,ガスボンベ,가스통,Газовый баллон,Garrafa de Gás,газовий балон,Bombola del gas,ถังแก๊ส,Gaz Şişesi,Gasflaska
Sticker_Front/PatHand,Pat Hand,Pat Hand,摸头手,摸頭手,Streichelhand,Mano de la palmadita,Main Pat,Pat Hand,なで手,쓰다듬는 손,Гладящая рука,Carinho Mão,Пет Хенд,Pat Mano,มือลูบหัว,Okşayan El,Pat Hand
StickerAlert,Sticker Alert,Sticker Alert,表情贴纸 通知/提示,表情貼紙 通知/提示,Aufkleber Alert,Color de la alerta,"Alerte (Coeur, Pouce etc...)",Matrica figyelmeztetés,アラートステッカー,경고 스티커,Стикер Оповещение,Alerta de Figurinha,Сповіщення про наклейку,Avviso adesivo,สติกเกอร์ Alert,Bildirim Sembolü,Klistermärke Alert
StickerAlertEffect,Sticker Alert Effect,Sticker Alert Effect,表情贴纸 通知/提示 特效,表情貼紙 通知/提示 特效,Aufkleber Alert Effekt,Efecto de la alerta,"Effet Alerte (Coeur, Pouce etc...)",Matrica figyelmeztető hatás,アラートエフェクト,경고 스티커 효과,Стикер Уведомление Эффект,Efeito de Alerta de Figurinha,Ефект сповіщення про наклейку,Effetto avviso adesivo,สติกเกอร์ Alert Effect,Bildirim Çizgileri,Klistermärke Alert Effekt
StickerAlertOutline,Sticker Alert Outline,Sticker Alert Outline,表情贴纸 通知/提示 轮廓,表情貼紙 通知/提示 輪廓,Aufkleber Alert Umriss,Contorno de la alerta,"Contour Alerte (Coeur, Pouce etc...)",Matrica figyelmeztetés vázlata,アラート 輪郭,경고 스티커 외곽선,Стикер Уведомление Контур,Contorno do Alerta de Figurinha,Схема попередження про наклейку,Contorno avviso adesivo,สติกเกอร์ Alert Outline,Bildirim Sembolü Anahat,Klistermärke Alert Kontur
StickerAngry,Sticker Angry,Sticker Angry,表情贴纸 生气,表情貼紙 生氣,Aufkleber Wütend,Efecto enojado,Colère,Dühös matrica,怒りステッカー,화남 스티커,Стикер Злой,Figurinha Raiva,Наклейка Angry,Adesivo Arrabbiato,สติกเกอร์โกรธ,İşaret Sinirli,Väggdekor Arg
StickerExclamationMark,Sticker Exclamation Mark,Sticker Exclamation Mark,表情贴纸 感叹号,表情貼紙 驚嘆號,Aufkleber Ausrufezeichen,Signo de exclamación,Point d'Exclamation,Matrica felkiáltójel,びっくりマークステッカー,느낌표 스티커,Стикер Восклицательный знак,Figurinha Ponto de Exclamação,Наклейка знак оклику,Punto esclamativo adesivo,สติกเกอร์เครื่องหมายอัศเจรีย์,İşaret Ünlem,Klistermärke Utropstecken
StickerGhost,Sticker Ghost,Sticker Ghost,表情贴纸 幽灵,表情貼紙 幽靈,Aufkleber Geist,Efecto Fantasma,Fantôme,Matrica Ghost,おばけステッカー,유령 스티커,Стикер Призрак,Figurinha Fantasma,Наклейка Привид,Adesivo fantasma,สติกเกอร์วิญญาณ,İşaret Hayalet,Väggdekor Spöke
StickerHeart,Sticker Heart,Sticker Heart,表情贴纸 爱心,表情貼紙 愛心,Aufkleber Herz,Efecto Corazón,Coeur,Matrica szív,ハートステッカー,하트 스티커,Стикер Сердце,Figurinha Coração,Наклейка Серце,Adesivo Cuore,สติกเกอร์หัวใจ,İşaret Kalp,Väggdekor Hjärta
StickerLaugh,Sticker Laugh,Sticker Laugh,表情贴纸 笑,表情貼紙 笑,Aufkleber Lachen,Efecto Risa,Rire,Nevetés matrica,笑いステッカー,웃음 스티커,Стикер Смех,Figurinha Rindo,Наклейка Сміх,Adesivo Ridere,สติกเกอร์หัวเราะ,İşaret Gülmek,Väggdekor Skratt
StickerQuestionMark,Sticker Question Mark,Sticker Question Mark,表情贴纸 问号,表情貼紙 問號,Aufkleber Fragezeichen,Signo de interrogación,Point d'Interrogation,Matrica kérdőjel,はてなステッカー,물음표 스티커,Стикер Вопросительный знак,Figurinha Ponto de Interrogação,Наклейка знак питання,Punto interrogativo adesivo,สติกเกอร์เครื่องหมายคำถาม,İşaret Soru,Klistermärke frågetecken
StickerSleep,Sticker Sleep,Sticker Sleep,表情贴纸 睡觉,表情貼紙 睡覺,Aufkleber Schlaf,Efecto Dormir,Sommeil,Alvó matrica,寝るステッカー,수면 스티커,Стикер Сон,Figurinha Dormindo,Наклейка Сон,Adesivo Sonno,สติกเกอร์นอน,İşaret Uyku,Väggdekor Sömn
StickerStar,Sticker Star,Sticker Star,表情贴纸 星星,表情貼紙 星星,Aufkleber Stern,Efecto Estrella,Étoile,Matrica csillag,星ステッカー,별 스티커,Стикер Звезда,Figurinha Estrela,Наклейка зірка,Stella adesiva,สติกเกอร์ดาว,İşaret Yıldız,Klistermärke Stjärna
StickerSteam,Sticker Steam,Sticker Steam,表情贴纸 气,表情貼紙 氣,Aufkleber Dampf,Efecto Vapor,Vapeur,Steam matrica,湯気ステッカー,콧김 스티커,Стикер Пар,Figurinha Vapor,Наклейка Steam,Adesivo vapore,สติกเกอร์ไอน้ำ,İşaret Buhar,Klistermärke Steam
StickerSurprise,Sticker Surprise,Sticker Surprise,表情贴纸 惊吓,表情貼紙 驚嚇,Aufkleber Überraschung,Efecto Sorpresa,Surprise,Matrica Meglepetés,びっくりステッカー,깜짝 스티커,Стикер Сюрприз,Figurinha Surpreso,Наклейка Сюрприз,Adesivo Sorpresa,สติกเกอร์เซอร์ไพรส์,İşaret Sürpriz,Väggdekor Överraskning
StickerSweat,Sticker Sweat,Sticker Sweat,表情贴纸 汗,表情貼紙 汗,Aufkleber Schweiß,Gota de Sudor,Sueur,Matrica verejték,汗ステッカー,땀방울 스티커,Стикер Пот,Figurinha Soando,Наклейка Піт,Adesivo Sudore,สติกเกอร์เหงื่อตก,İşaret Ter,Väggdekor Svett
StickerSweatLarge,Sticker Sweat (Large),Sticker Sweat (Large),表情贴纸 汗（大）,表情貼紙 汗（大）,Aufkleber Schweiß (Groß),Gota de Sudor (Grande),Sueur (Grande),Izzadt matrica (nagy),汗ステッカー（大）,땀방울 스티커(대),Стикер Пот (Большой),Figurinha Soando (Grande),Наклейка Піт (велика),Adesivo Sudore (grande),สติกเกอร์เหงื่อตก (ใหญ่),İşaret Ter (Büyük),Klistermärke Sweat (Large)
StickerVolume,Sticker Volume,Sticker Volume,表情贴纸 音量,表情貼紙 音量,Aufkleber Lautstärke,Efecto de Volumen,Volume,Matrica kötet,音量ステッカー,음량 스티커,Стикер Громкость,Figurinha Volume,Обсяг наклейки,Volume dell'autoadesivo,สติกเกอร์ ระดับเสียง,İşaret Ses,Dekalvolym
StickyNote,Sticky Note,Sticky Note,表情贴纸 便签,表情貼紙 便利貼,Haftnotiz,Nota adhesiva,Post-it,Sticky Note,ふせん,메모 스티커,Стикер для заметок,Nota Adesiva,Наліпка,Nota adesiva,Sticky Note,Yapışkan Not,Sticky Note
StickyNoteText,Sticky Note Text,Sticky Note Text,表情贴纸 便签 文字,表情貼紙 便利貼 文字,Haftnotiz Text,Texto de nota adhesiva,Texte Post-it,Sticky Note szöveg,ふせんの文字,메모 스티커 텍스트,Стикер заметок Текст,Texto da Nota Adesiva,Текст липкої нотатки,Testo di una nota adesiva,ข้อความบน Sticky Note,Yapışkan Not Metni,Sticky Note Text
Tear,Eye Tear,Eye Tear,眼睛 眼泪,眼睛 眼淚,Augentränen,Lágrima del ojo,Larmes,Eye Tear,涙,눈물,Глаз слеза,Lágrima do Olho,Сльоза очей,Lacrima degli occhi,น้ำตา,Göz Yaşı,Ögatår
Utensil,Utensil,Utensil,餐具,餐具,Besteck,Utensilio,Ustensile,Konyhaedény,食器,식기,Столовые приборы,Utensílio,Посуд,Utensile,ช้อนส้อม,Çatal Bıçak,Redskap
OutfitCollarString,Outfit Collar String,Outfit Collar String,服装 领子 抽绳,服裝 領子 抽繩,Outfit Kragenschnur,Cordón del cuello del Outfit,Tenue Lacets Hoodie,Outfit nyakörv,襟ひも,옷깃 끈,Воротник Шнурок,Corda da Roupa,Спорядження Комір рядок,Corda per colletto dell'outfit,เชือกเสื้อฮู้ด,Kıyafet Yaka İpi,Outfit krage String
Bell,Bell,Bell,铃铛,鈴鐺,Glocke,Campana,Cloche,Harang,ベル,종,Колокольчик,Sino,дзвоник,Campana,กระดิ่ง,Zil,Klocka
Confetti1,Confetti 1,Confetti 1,彩纸 1,彩色紙屑 1,Konfetti 1,Confeti 1,Confetti 1,Konfetti 1,紙吹雪1,컨페티 1,Конфетти 1,Confete 1,Конфетті 1,Coriandoli 1,คอนเฟตตี้ 1,Konfeti 1,Konfetti 1
Confetti2,Confetti 2,Confetti 2,彩纸 2,彩色紙屑 2,Konfetti 2,Confeti 2,Confetti 2,Konfetti 2,紙吹雪2,컨페티 2,Конфетти 2,Confete 2,Конфетті 2,Coriandoli 2,คอนเฟตตี้ 2,Konfeti 2,Konfetti 2
Confetti3,Confetti 3,Confetti 3,彩纸 3,彩色紙屑 3,Konfetti 3,Confeti 3,Confetti 3,Konfetti 3,紙吹雪3,컨페티 3,Конфетти 3,Confete 3,Конфетті 3,Coriandoli 3,คอนเฟตตี้ 3,Konfeti 3,Konfetti 3
Microphone,Microphone,Microphone,麦克风,麥克風,Mikrofon,Micrófono,Micro,Mikrofon,マイクロフォン,마이크,Микрофон,Microfone,мікрофон,Microfono,ไมโครโฟน,Mikrofon,Mikrofon
Gleam,Gleam,Gleam,光晕,光暈,Glänzen,Destello,Lumière Lunettes de Soleil,Csillog,光る,번득임,Отблеск,Brilho,блиск,Brillare,แวววาว,Video Kamera Işığı,Glimt
VideoCamera,Video Camera,Video Camera,摄像机,攝影機,Videokamera,Cámara de video,Caméra,Videokamera,ビデオカメラ,비디오 카메라,Видеокамера,Câmera de Vídeo,Відеокамера,Videocamera,กล้องวิดีโอ,Video kamera,Videokamera
PointHand,Point Hand,Point Hand,指人手,指人手,Mit Hand Zeigen,Punto de la mano,Pointer de la main,Pontos kéz,ポイントハンド,가르키는 손,Указывающая рука,Mão Apontando,Вказати руку,Puntare la mano,มือชี้,İşaret Eden El,Peka Hand
Bowl,Bowl,Bowl,碗,碗,Schüssel,Bol,Bol,Tál,ボウル,그릇,Чаша,Tigela,Чаша,Ciotola,ชาม,Kâse,Skål
Cake,Cake,Cake,蛋糕,蛋糕,Kuchen,Pastel,Gâteau,Torta,ケーキ,케이크,Торт,Bolo,Торт,Torta,เค้ก,Kek,Tårta
CandleFire,Candle Fire,Candle Fire,蜡烛 火焰,蠟燭 火焰,Kerzenfeuer,fuego de vela,Feu de Bougie,Gyertya tűz,キャンドルファイア,촛불,Горящая свеча,Fogo da Vela,Вогонь свічки,Fuoco di candela,เปลวเทียน,Mum Ateşi,Ljus eld
DrawingTablet,Drawing Tablet,Drawing Tablet,画板,繪圖板,Zeichentablett,tableta de dibujo,Tablette Graphique,Rajz tábla,お絵描きタブレット,드로잉 타블렛,Планшет для рисования,Tablete de Desenho,Планшет для малювання,Tavoletta da disegno,แท็บเล็ตวาดรูป,Çizim Tableti,Ritplatta
LoveLetter,Love Letter,Love Letter,情书,情書,Liebesbrief,carta de amor,Lettre d'Amour,Szerelmeslevél,ラブレター,연애 편지,Любовное письмо,Carta de Amor,Любовний лист,Lettera d'amore,จดหมายรัก,Aşk Mektubu,Kärleksbrev
Popper,Popper,Popper,彩纸筒,拉炮,Konfettikanone,Corchete,Bouton,Popper,ポッパー,파티 폭죽,Поппер,Popper,Поппер,Popper,ป็อปเปอร์,Konfeti Patlatıcı,Popper
Stylus,Stylus,Stylus,手写笔,手寫筆,Stift,Aguja,Stylet,Stylus,スタイラス,타블렛 펜,Стилус,Caneta,Стилус,Stilo,ปากกาสไตลัส,Çizim Tableti Kalemi,Nål
Tablet,Tablet,Tablet,画板,繪圖板,Tablet,Tableta,Tablette,Tabletta,錠剤,타블렛,Графический планшет,Tablet,планшет,Tavoletta,แท็บเล็ต,Tablet,Tablett
MusicalNote1,Musical Note 1,Musical Note 1,音乐 音符 1,音樂 音符 1,Musiknote 1,Nota musical 1,Note de Musique 1,Hangjegy 1,音符1,음표 1,Музыкальная нота 1,Nota Musical 1,Музична нота 1,Nota musicale 1,โน้ตดนตรี 1,Müzik Notası 1,Musiknot 1
MusicalNote2,Musical Note 2,Musical Note 2,音乐 音符 2,音樂 音符 2,Musiknote 2,Nota musical 2,Note de Musique 2,Hangjegy 2,音符2,음표 2,Музыкальная нота 2,Nota Musical 2,Музична нота 2,Nota musicale 2,โน้ตดนตรี 2,Müzik Notası 2,Musiknot 2
PhoneScreen,Phone Screen,Phone Screen,手机 屏幕,手機 螢幕,Telefonbildschirm,Pantalla del teléfono,Écran de Téléphone,Telefon képernyő,電話画面,핸드폰 화면,Экран телефона,Tela do Celular,Екран телефону,Schermo del telefono,หน้าจอโทรศัพท์ ,Telefon Ekranı,Telefonskärm
Tail,Tail,Tail,尾巴,尾巴,Schwanz,Cola,Queue,Farok,しっぽ,꼬리,Хвост,Rabo,хвіст,Coda,หาง,Kuyruk,Svans
TailOutline,Tail Outline,Tail Outline,尾巴 轮廓,尾巴 輪廓,Schwanz Umriss,Contorno de la cola,Contour Queue,Farok körvonala,尾部の輪郭,꼬리 외곽선,Хвост Контур,Contorno do Rabo,Контур хвоста,Contorno della coda,เส้นร่างหาง,Kuyruk Anahat,Svanskontur
WingLeft,Wing >>,Wing >>,翅膀 >>,翅膀 >>,Flügel >>,Ala >>,Aile >>,Szárny >>,ウィング >>,날개 >>,Крылья >>,Asa >>,Крило >>,Ala >>,ปีก >>,Kanatlar >>,Vinge >>
WingLeftOutline,Wing >> Outline,Wing >> Outline,翅膀 >> 轮廓,翅膀 >> 輪廓,Flügel >> Umriss,Ala >> Contorno,Contour Aile >>,Szárny >> Vázlat,ウイング >> 概要,날개 >> 외곽선,Крылья >> Контур,Asa >> Contorno,Крило >> Контур,Ala >> Contorno,เส้นร่างปีก >>,Kanatlar >> Anahat,Ving >> Kontur
WingRight,Wing <<,Wing <<,翅膀 <<,翅膀 <<,Flügel <<,Ala <<,Aile <<,Szárny <<,ウィング <<,날개 <<,Крылья <<,Asa <<,Крило <<,Ala <<,ปีก <<,Kanatlar <<,Vinge <<
WingRightOutline,Wing << Outline,Wing << Outline,翅膀 << 轮廓,翅膀 << 輪廓,Flügel << Umriss,Ala << Contorno,Contour Aile <<,Szárny << Vázlat,ウイング << 概要,날개 << 외곽선,Крылья << Контур,Asa << Contorno,Крило << Контур,Ala <<Contorno,เส้นร่างปีก <<,Kanatlar << Anahat,Ving << Kontur
Cape,Cape,Cape,斗篷,鬥篷,Kap,Cabo,Cape,Köpeny,ケープ,곶,Мыс,Cabo,мис,Capo,เคป,Pelerin,Cape
CapeOutline,Cape Outline,Cape Outline,斗篷 轮廓,鬥篷 輪廓,Umriss des Kaps,Esquema del cabo,Contour Cape,Cape körvonala,岬の輪郭,케이프 아웃라인,Контур мыса,Contorno do Cabo,Контур мису,Profilo del Capo,โครงร่างเคป,Pelerin Anahat,Cape Outline
Cheek,Cheek,Cheek,脸颊,臉頰,Wange,Mejilla,Joues,Pofa,頬,볼,Щека,Bochecha,щока,Guancia,แก้ม,Yanak,Kind
Cockroach,Cockroach,Cockroach,蟑螂,蟑螂,Kakerlake,Cucaracha,Cafard,Csótány,ゴキブリ,바퀴벌레,Таракан,Barata,Тарган,Scarafaggio,แมลงสาบ,Hamamböceği,Kackerlacka
Controller,Controller,Controller,手柄,手柄,Regler,Controlador,Manette,Vezérlő,コントローラ,제어 장치,Контроллер,Controlador,Контролер,Controllore,คอนโทรลเลอร์,Controller,Kontroller
Donut,Donut,Donut,甜甜圈,甜甜圈,Krapfen,Rosquilla,Donut,Fánk,ドーナツ,도넛,Пончик,Rosquinha,Пончик,Ciambella,โดนัท,Çörek,Donut
EarringLeft,Earring >>,Earring >>,耳环 >>,耳環 >>,Ohrring >>,Pendiente >>,Boucle d'Oreille >>,Fülbevaló >>,イヤリング >>,귀걸이 >>,Серьги >>,Brinco >>,Сережка >>,Orecchino >>,ต่างหู >>,Küpe >>,Örhänge >>
EarringRight,Earring <<,Earring <<,耳环 <<,耳環 <<,Ohrring <<,Pendiente <<,Boucle d'Oreille <<,Fülbevaló <<,イヤリング <<,귀걸이 <<,Серьга <<,Brinco <<,Сережка <<,Orecchino <<,ต่างหู <<,Küpe <<,Örhänge <<
EarringOutlineLeft,Earring >> Outline,Earring >> Outline,耳环 >> 轮廓,耳環 >> 輪廓,Ohrring >> Umriss,Pendiente >> Contorno,Contour Boucle d'Oreille >>,Fülbevaló >> Vázlat,イヤリング >> 概要,귀걸이 >> 개요,Серьга >> Схема,Brinco >> Contorno,Сережка >> Контур,Orecchino >> Contorno,ต่างหู >> โครงร่าง,Küpe >> Anahat,Örhänge >> Kontur
EarringOutlineRight,Earring << Outline,Earring << Outline,耳环 << 轮廓,耳環 << 輪廓,Ohrring << Umriss,Pendiente << Contorno,Contour Boucle d'Oreille <<,Fülbevaló << Vázlat,イヤリング << 概要,귀걸이 << 개요,Серьга << Контур,Brinco << Contorno,Сережка << Контур,Orecchino << Contorno,ต่างหู << โครงร่าง,Küpe << Anahat,Örhänge << Outline
FaceFeatureALeft,Face Feature A >>,Face Feature A >>,脸部特征 A >>,臉部特徵 A >>,Gesichtsmerkmal A >>,Característica de la cara A >>,Caractéristique Faciale A >>,Arcvonás A >>,顔の特徴A >>,얼굴 특징 A >>,Черта лица А >>,Característica facial A >>,Риса обличчя А >>,Caratteristica del viso A >>,ลักษณะใบหน้า A >>,Yüz Özelliği A >>,Ansiktsfunktion A >>
FaceFeatureARight,Face Feature A <<,Face Feature A <<,脸部特征 A <<,臉部特徵 A <<,Gesichtsmerkmal A <<,Característica de la cara A <<,Caractéristique Faciale A <<,Arcvonás A <<,顔の特徴 A <<,얼굴 특징 A <<,Черта лица A <<,Característica facial A <<,Риса обличчя A <<,Caratteristica del viso A <<,ลักษณะใบหน้า A <<,Yüz Özelliği A <<,Ansiktsfunktion A <<
FaceFeatureBLeft,Face Feature B >>,Face Feature B >>,脸部特征 B >>,臉部特徵 B >>,Gesichtsmerkmal B >>,Característica de la cara B >>,Caractéristique Faciale B >>,B arcvonás >>,顔の特徴B >>,얼굴 특징 B >>,Черта лица B >>,Característica facial B >>,Риса обличчя B >>,Caratteristica del viso B >>,ลักษณะใบหน้า B >>,Yüz Özelliği B >>,Ansiktsfunktion B >>
FaceFeatureBRight,Face Feature B <<,Face Feature B <<,脸部特征 B <<,臉部特徵 B <<,Gesichtsmerkmal B <<,Característica de la cara B <<,Caractéristique Faciale B <<,B arcvonás <<,顔の特徴 B <<,얼굴 특징 B <<,Характеристика лица B <<,Característica facial B <<,Риса обличчя B <<,Caratteristica del viso B <<,ลักษณะใบหน้า B <<,Yüz Özelliği B <<,Ansiktsfunktion B <<
FaceFeatureC,Face Feature C,Face Feature C,脸部特征 C,臉部特徵 C,Gesichtsmerkmal C,Característica de la cara C,Caractéristique Faciale C,Arcvonás C,顔の特徴 C,얼굴 특징 C,Характеристика лица C,Característica facial C,Особливість обличчя C,Caratteristica del viso C,ลักษณะใบหน้า C,Yüz Özelliği C,Ansiktsfunktion C
FacialHairA,Facial Hair A,Facial Hair A,胡子 A,鬍子 A,Gesichtsbehaarung A,Vello facial A,Barbe,Arcszőrzet A,ひげA,얼굴 털 A,Волосы на лице А,Pêlos faciais A,Волосся на обличчі А,Peli sul viso A,ขนบนใบหน้า A,Sakal A,Ansiktshår A
FacialHairAOutline,Facial Hair A Outline,Facial Hair A Outline,胡子 A 轮廓,鬍子 A 輪廓,Gesichtsbehaarung Ein Umriss,Vello facial un esquema,Contour Barbe,Arcszőrzet Vázlat,顔の毛Aの概要,얼굴 털 A 개요,Волосы на лице: контур,"Pêlos faciais, um contorno",Контур волосся на обличчі,Peli facciali Un contorno,ขนบนใบหน้าโครงร่าง,Sakal A Anahat,Ansiktshår En disposition
FacialHairB,Facial Hair B,Facial Hair B,胡子 B,鬍子 B,Gesichtsbehaarung B,Vello facial B,Moustache,Arcszőrzet B,ひげB,수염 B,Волосы на лице Б,Pêlos faciais B,Волосся на обличчі Б,Peli sul viso B,ขนบนใบหน้าบี,Sakal B,Ansiktshår B
FacialHairBOutline,Facial Hair B Outline,Facial Hair B Outline,胡子 B 轮廓,鬍子 B 輪廓,Facial Hair B Outline,Contorno del vello facial B,Contour Moustache,Arcszőrzet B vázlat,ひげBの輪郭,얼굴 털 B 윤곽선,Волосы на лице B. Контур,Contorno B dos pêlos faciais,Волосся на обличчі B контур,Profilo dei peli del viso B,โครงร่างขนบนใบหน้า B,Sakal B Anahat,Ansiktshår B Kontur
GloveLeft,Glove >>,Glove >>,手套 >>,手套 >>,Handschuh >>,Guante >>,Gant >>,Kesztyű >>,グローブ >>,장갑 >>,Перчатка >>,Luva >>,Рукавичка >>,Guanto >>,ถุงมือ >>,Eldiven >>,Handske >>
GloveLeftOutline,Glove >> Outline,Glove >> Outline,手套 >> 轮廓,手套 >> 輪廓,Handschuh >> Umriss,Guante >> Contorno,Contour Gant >> Aperçu,Kesztyű >> Vázlat,グローブ >> 概要,장갑 >> 개요,Перчатка >> Схема,Luva >> Contorno,Рукавичка >> Контур,Guanto >> Contorno,ถุงมือ >> โครงร่าง,Eldiven >> Anahat,Handske >> Kontur
GloveRight,Glove <<,Glove <<,手套 <<,手套 <<,Handschuh <<,Guante <<,Gant <<,Kesztyű <<,グローブ <<,장갑 <<,Перчатка <<,Luva <<,Рукавичка <<,Guanto <<,ถุงมือ<<,Eldiven <<,Handske <<
GloveRightOutline,Glove << Outline,Glove << Outline,手套 << 轮廓,手套 << 輪廓,Handschuh << Umriss,Guante << Esquema,Contour Gant << Aperçu,Kesztyű << Vázlat,グローブ << 概要,장갑 << 개요,Перчатка << Контур,Luva << Contorno,Рукавичка << Контур,Guanto << Contorno,ถุงมือ << โครงร่าง,Eldiven << Anahat,Handske << Kontur
HandLeft,Hand >>,Hand >>,手 >>,手 >>,Hand >>,Mano >>,Main >>,Kéz >>,手 >>,손 >>,Рука >>,Mão >>,Рука >>,Mano >>,มือ >>,El >>,Hand >>
HandLeftOutline,Hand >> Outline,Hand >> Outline,手 >> 轮廓,手 >> 輪廓,Hand >> Umriss,Mano >> Contorno,Contour Main >>,Kéz >> Vázlat,手 >> 概要,손 >> 개요,Рука >> Схема,Mão >> Contorno,Рука >> Контур,Mano >> Contorno,มือ >> โครงร่าง,El >> Anahat,Hand >> Kontur
HandRight,Hand <<,Hand <<,手 <<,手 <<,Hand <<,Mano <<,Main <<,Kéz <<,手 <<,손 <<,Рука <<,Mão <<,Рука <<,Mano <<,มือ <<,El <<,Hand <<
HandRightOutline,Hand << Outline,Hand << Outline,手 << 轮廓,手 << 輪廓,Hand << Umriss,Mano << Contorno,Contour Main <<,Kézi << Vázlat,手 << アウトライン,손 << 개요,Рука << Контур,Mão << Contorno,Рука << контур,Mano << Contorno,มือ << โครงร่าง,El << Anahat,Hand << Kontur
Gun,Gun,Gun,枪,槍,Pistole,Pistola,Pistolet,Pisztoly,銃,총,Пистолет,Pistola,пістолет,Pistola,ปืน,Silah,Pistol
GunFlash,Gun Flash,Gun Flash,枪口闪光,槍口閃光,Waffenblitz,Destello de pistola,Flash de Pistolet,Gun Flash,ガンフラッシュ,건 플래시,Пистолетная вспышка,Flash de arma,Спалах пістолета,Lampo di pistola,ปืนแฟลช,Silah Işığı,Gun Flash
Lubricant,Lubricant,Lubricant,润滑剂,潤滑劑,Schmiermittel,Lubricante,Dégrippant,Kenőanyag,潤滑剤,윤활유,Смазка,Lubrificante,мастило,Lubrificante,น้ำมันหล่อลื่น,Sprey Kutusu,Smörjmedel
Megaphone,Megaphone,Megaphone,扩音器,擴音器,Megaphon,Megáfono,Mégaphone,Megafon,メガホン,메가폰,Мегафон,Megafone,Мегафон,Megafono,โทรโข่ง,Megafon,Megafon
Nose,Nose,Nose,鼻子,鼻子,Nase,Nariz,Nez,Orr,鼻,코,Нос,Nariz,ніс,Naso,จมูก,Burun,Näsa
PiercingALeft,Piercing A >>,Piercing A >>,耳钉 A >>,耳釘 A >>,Piercing A >>,Perforación A >>,Piercing A >>,Piercing A >>,ピアスA >>,피어싱 A >>,Пирсинг А >>,Perfuração A >>,Пірсинг А >>,Perforare A >>,เจาะเอ >>,Pirsing A >>,Piercing A >>
PiercingAOutlineLeft,Piercing A >> Outline,Piercing A >> Outline,耳钉 A >> 轮廓,耳釘 A >> 輪廓,Piercing A >> Umriss,Perforación A >> Contorno,Contour Piercing A >>,Piercing A >> Vázlat,ピアスA >> 概要,피어싱 A >> 개요,Пирсинг А >> Схема,Piercing A >> Contorno,Пірсинг A >> Контур,Perforazione A >> Contorno,เจาะ A >> โครงร่าง,Pirsing  A >> Anahat,Piercing A >> Kontur
PiercingARight,Piercing A <<,Piercing A <<,耳钉 A <<,耳釘 A <<,Piercing A <<,Perforando A <<,Piercing A <<,Piercing A <<,ピアスA <<,피어싱 A <<,Пирсинг А <<,Perfuração A <<,Пірсинг A <<,Perforare A <<,เจาะเอ <<,Pirsing A <<,Piercing A <<
PiercingAOutlineRight,Piercing A << Outline,Piercing A << Outline,耳钉 A << 轮廓,耳釘 A << 輪廓,Piercing A << Umriss,Perforando un << contorno,Contour Piercing A <<,Piercing << Körvonal,ピアスA << 概要,피어싱 A << 개요,Пирсинг А << Схема,Perfuração A << Contorno,Пірсинг A << Контур,Perforare un << contorno,เจาะ A << เค้าร่าง,Pirsing A << Anahat,Piercing A << Kontur
PiercingBLeft,Piercing B >>,Piercing B >>,耳钉 B >>,耳釘 B >>,Piercing B >>,Perforación B >>,Piercing B >>,Piercing B >>,ピアスB >>,피어싱 B >>,Пирсинг Б >>,Perfuração B >>,Пірсинг B >>,Perforazione B >>,เจาะบี >>,Pirsing B >>,Piercing B >>
PiercingBOutlineLeft,Piercing B >> Outline,Piercing B >> Outline,耳钉 B >> 轮廓,耳釘 B >> 輪廓,Piercing B >> Umriss,Perforación B >> Contorno,Contour Piercing B >>,Piercing B >> Vázlat,ピアスB >> 概要,피어싱 B >> 개요,Пирсинг B >> Схема,Piercing B >> Contorno,Пірсинг B >> Контур,Perforazione B >> Contorno,เจาะ B >> โครงร่าง,Pirsing B >> Anahat,Piercing B >> Kontur
PiercingBRight,Piercing B <<,Piercing B <<,耳钉 B <<,耳釘 B <<,Piercing B <<,Perforación B <<,Piercing B <<,Piercing B <<,ピアスB <<,피어싱 B <<,Пирсинг Б <<,Perfuração B <<,Пірсинг Б <<,Perforare B <<,เจาะบี <<,Pirsing B <<,Piercing B <<
PiercingBOutlineRight,Piercing B << Outline,Piercing B << Outline,耳钉 B << 轮廓,耳釘 B << 輪廓,Piercing B << Umriss,Perforación B << Contorno,Contour Piercing B <<,Piercing B << Vázlat,ピアスB << 概要,피어싱 B << 개요,Пирсинг B << Схема,Piercing B << Contorno,Пірсинг B << Контур,Foratura B << Contorno,เจาะ B << เค้าร่าง,Pirsing B << Anahat,Piercing B << Kontur
PixelSunGlasses,Pixel Sun Glasses,Pixel Sun Glasses,像素太阳镜,畫素太陽鏡,Pixel-Sonnenbrille,Gafas de sol de píxeles,Lunettes de Soleil Pixel,Pixel napszemüveg,ピクセルサングラス,픽셀 선글라스,Пиксельные солнцезащитные очки,Óculos de sol pixelados,Сонцезахисні окуляри Pixel,Occhiali da sole Pixel,แว่นกันแดดพิกเซล,Piksel Güneş Gözlüğü,Pixel solglasögon
PompomLeft,Pompom >>,Pompom >>,拉拉花 >>,拉拉花 >>,Pompon >>,Pompón >>,Pompon >>,Pompon >>,ポンポン >>,폼폼 >>,Помпон >>,Pompom >>,Помпон >>,Pompon >>,ปอมปอม >>,Ponpon >>,Pompom >>
PompomRight,Pompom <<,Pompom <<,拉拉花 <<,拉拉花 <<,Pompon <<,Pompón <<,Pompon <<,Pompon <<,ポンポン <<,폼폼 <<,Помпон <<,Pompom <<,Помпон <<,Pompon <<,ปอมปอม <<,Ponpon <<,Pompom <<
Spray,Spray,Spray,喷雾,噴霧,Spray,Pulverización,Pulvérisateur,Permet,スプレー,스프레이,Спрей,Pulverizar,Спрей,Spray,สเปรย์,Sprey,Spray
StickerLightBulb,Sticker Light Bulb,Sticker Light Bulb,表情贴纸 灯泡,表情貼紙 燈泡,Aufkleber Glühbirne,Vinilo Bombilla,Ampoule,Matrica villanykörte,ステッカー電球,스티커 전구,Наклейка Лампочка,Lâmpada adesiva,Наклейка лампочки,Lampadina adesiva,สติ๊กเกอร์หลอดไฟ,İşaret Ampul,Klistermärke Glödlampa
StickerLoading,Sticker Loading,Sticker Loading,表情贴纸 加载,表情貼紙 載入,Aufkleber wird geladen,Cargando pegatinas,Chargement,Matrica betöltése,ステッカーの読み込み,스티커 로딩,Загрузка стикера,Carregamento de adesivos,Завантаження наклейки,Caricamento adesivo,กำลังโหลดสติ๊กเกอร์,İşaret Yükleniyor,Klistermärke laddas
SunGlasses,Sunglasses,Sunglasses,太阳镜,太陽鏡,Sonnenbrille,Gafas de sol,Lunettes de Soleil,Napszemüveg,サングラス,색안경,Солнцезащитные очки,Óculos de sol,Сонцезахисні окуляри,Occhiali da sole,แว่นกันแดด,Güneş Gözlüğü,Solglasögon
SunGlassesReflection,Sunglasses Reflection,Sunglasses Reflection,太阳镜反光,太陽鏡反光,Sonnenbrillenreflexion,Reflejo de gafas de sol,Réflexion Lunettes de Soleil,Napszemüveg Reflection,サングラスの反射,선글라스 반사,Солнцезащитные очки Отражение,Reflexão de óculos de sol,Сонцезахисні окуляри Reflection,Riflessione sugli occhiali da sole,แว่นกันแดดสะท้อนแสง,Güneş Gözlüğü Yansıması,Solglasögon reflektion
Tape,Tape,Tape,胶带,膠帶,Band,Cinta,Ruban Adhésif,Szalag,テープ,줄자,Лента,Fita,Стрічка,Nastro,เทป,Bant,Tejpa
Toilet,Toilet,Toilet,马桶,馬桶,Toilette,Baño,Toilettes,WC,トイレ,화장실,Туалет,Banheiro,Туалет,Toilette,ห้องน้ำ,Tuvalet,Toalett
TrashBin,Trash Bin,Trash Bin,垃圾桶,垃圾桶,Mülleimer,Papelera,Poubelle,Szemeteskosár,ゴミ箱,쓰레기통,мусорное ведро,Lixeira,Відро для сміття,Cestino,ถังขยะ,Çöp Kutusu,Papperskorgen
WaveHand,Wave Hand,Wave Hand,挥手 手,揮手 手,Hand winken,Mano ondulada,Main Coucou,Hullám kéz,手を振る,웨이브 핸드,Волновая рука,Acenar mão,Хвиля рукою,Onda la mano,คลื่นมือ,El Salla,Våga Hand
Swatter,Swatter,Swatter,拍子,拍子,Fliegenklatsche,Palmeta matamoscas,Tapette à Mouche,Légycsapó,たたき,찰싹 때리는 사람,Сваттер,mata-mata,Бійка,Schiacciamento,ไม้ตี,Sineklik,Swatter
Ponytail,Hair Ponytail,Hair Ponytail,头发 单马尾,頭髮馬尾辮,Haar Pferdeschwanz,Cola de caballo de pelo,Queue de cheval,Haj lófarok,ヘアポニーテール,헤어 포니테일,Волосы,Rabo de cavalo de cabelo,Хвіст для волосся,Coda di cavallo dei capelli,ผมหางม้า,Saç At Kuyruğu,Hår hästsvans
PonytailOutline,Hair Ponytail Outline,Hair Ponytail Outline,头发 单马尾 轮廓,頭髮馬尾辮輪廓,Haar-Pferdeschwanz-Umriss,Contorno de cola de caballo de pelo,Aperçu de la queue de cheval,Haj lófarok vázlat,髪ポニーテールの概要,헤어 포니테일 외곽선,Контур волос,Contorno de rabo de cavalo de cabelo,Контур зачіски в хвіст,Contorno di coda di cavallo per capelli,โครงร่างผมหางม้า,Saç At Kuyruğu Anahattı,Hår hästsvans kontur
Eyepatch,Eyepatch,Eyepatch,眼罩,眼罩,Augenklappe,parche en el ojo,Cache-œil,Szemtapasz,眼帯,안대,Повязка на глазу,Tapa-olho,Пов'язка на око,Benda sull'occhio,ผ้าปิดตา,Göz bandı,Ögonlapp
EyepatchOutline,Eyepatch Outline,Eyepatch Outline,眼罩轮廓,眼罩輪廓,Augenklappen-Umriss,Contorno del parche,Contour du cache-œil,Szemtapasz körvonala,眼帯の輪郭,안대 개요,Контур повязки на глазу,Contorno do tapa-olho,Контур пов'язки,Contorno della benda sull'occhio,โครงร่างผ้าปิดตา,Göz Bandı Anahattı,Eyepatch Outline
NumberSix,Number Six,Number Six,数字 6,六號,Nummer Sechs,numero seis,Numéro six,Hat szám,ナンバー6,넘버 6,Номер шесть,Número seis,Номер шість,Numero Sei,หมายเลขหก,Altı Numara,Nummer sex
NumberSeven,Number Seven,Number Seven,数字 7,第七號,Nummer sieben,numero siete,Numéro Sept,Hetes szám,ナンバー 7,넘버 세븐,Номер семь,Número Sete,Номер сім,Numero sette,หมายเลขเจ็ด,Yedi Numara,Nummer sju
