Key,en,zh-Hant,reviewed
MainMenu.TabHeaderLable.Editor,Editor,編輯器,True
MainMenu.Editor.CharacterPopup.DeleteCharacterPrompt,"Are you sure you want to delete character ""{0}""? This action cannot be undone.",您確定要刪除角色“{0}”嗎？此操作無法復原。,True
MainMenu.Editor.CharacterPopup.OverwriteCharacterPrompt,"Character ""{0}"" already exist. Are you sure you want to overwrite character ""{0}""? This action cannot be undone.",角色“{0}”已存在。您確定要覆蓋角色“{0}”嗎？此操作無法復原。,True
MainMenu.Confirm,Confirm,確認,True
MainMenu.Cancel,Cancel,取消,True
MainMenu.Editor.CharacterPopup.SaveCharacterPrompt,Please enter a character name:,請輸入角色名：,True
MainMenu.Editor.Model,Models,模型,True
MainMenu.Editor.Character,Character,角色,True
MainMenu.Editor.Animation,Animation,動畫,True
MainMenu.Editor.PartsSelection,Choose Parts,部件選擇,True
MainMenu.Editor.PartsAdjustment,Adjustment,部件調整,True
MainMenu.Search,Search...,搜尋……,True
MainMenu.Editor.SaveCharacter,Save Character,儲存角色,True
MainMenu.Editor.Unload,Clear Character,重置角色,True
MainMenu.Editor.DeleteCharacter,Delete Character,刪除角色,True
MainMenu.Editor.UseCustomTextures,Use Custom Textures,使用自訂貼圖,True
MainMenu.Editor.ReloadTextures,Reload Textures,重新載入貼圖,True
MainMenu.Editor.OpenCustomTextureFolder,Open Custom Texture Folder,開啟自訂貼圖資料夾,True
MainMenu.Editor.Color,Color,顏色,True
MainMenu.Editor.TintColor,TintColor,淺色,True
MainMenu.Editor.TintBlackColor,TintBlackColor,深色,True
MainMenu.Editor.LICENSE,LICENSE,使用條款,True
MainMenu.Editor.AssetTypeAA,Default Assets,內建模型,True
MainMenu.Editor.AssetTypeSA,Third-Party Assets,第三方模型,True
MainMenu.Editor.CharacterPopup.CharacterNameEmpty,Name cannot be empty.,角色名不得為空。,True
MainMenu.Editor.CharacterPopup.CharacterNameLength,Name cannot exceed {0} characters.,角色名不得超過{0}個字元。,True
MainMenu.Editor.CharacterPopup.CharacterNameInvalidCharacter,"Name cannot contain the character ""{0}"".",角色名不得包含特殊字元“{0}”。,True
MainMenu.Editor.CharacterPopup.CharacterNameReserved,"""{0}"" is a reserved name and cannot be used.",“{0}”是系統保留關鍵詞，不能作爲角色名。,True
MainMenu.Editor.CharacterPopup.CharacterNameEndWithDot,Name cannot end with a dot.,角色名不能以點結尾。,True
MainMenu.Editor.CharacterPopup.CharacterNameOnlySpaces,Name cannot contain only spaces.,角色名不能只包含空格。,True
MainMenu.Editor.UnloadCurrentModel,Unload Current Model,關閉當前模型,True
MainMenu.Settings.GeneralSettings,General Settings,一般設定,True
MainMenu.Settings.GeneralSettings.Language,Language,語言,True
MainMenu.Settings.ViewportSettings,Viewport Settings,視窗設定,True
MainMenu.Settings.ViewportSettings.ViewportZoomSpeed,Zoom Speed,模型縮放速度,True
MainMenu.Settings.ViewportSettings.ViewportRotationSpeed,Rotation Speed,模型旋轉速度,True
MainMenu.Settings.ViewportSettings.ModelScale,Model Scale,模型尺寸,True
MainMenu.Settings.ViewportSettings.ModelOffsetHorizontal,Offset Horizontal,位置水平偏移,True
MainMenu.Settings.ViewportSettings.ModelOffsetVertical,Offset Vertical,位置垂直偏移,True
MainMenu.Settings.ViewportSettings.ResetViewportSettings,Reset Viewport Settings,重置視窗設定,True
MainMenu.Settings.ExportSettings,Animation Export Settings,動畫匯出設定,True
MainMenu.Settings.ExportSettings.SaveLocation,Save Location,儲存位置,True
MainMenu.Settings.ExportSettings.ExportPresets,Export Presets,匯出預設,True
MainMenu.Settings.ExportSettings.Encoder,Encoder,編碼器,True
MainMenu.Settings.ExportSettings.Width,Width,寬度,True
MainMenu.Settings.ExportSettings.Height,Height,高度,True
MainMenu.Settings.ExportSettings.FPS,FPS,幀率,True
MainMenu.Settings.ExportSettings.LimitMaxFrameCount,Limit Max. Frame Count,限制最大幀數,True
MainMenu.Settings.ExportSettings.MaxFrameCount,Max. Frame Count,最大幀數,True
MainMenu.Settings.ExportSettings.AlphaThreshold,Alpha Threshold,透明閾值,True
MainMenu.Settings.ExportSettings.EnableDithering,Enable Dithering,使用顏色抖動,True
MainMenu.Settings.ExportSettings.ResetExportSettings,Reset Export Settings,重置匯出設定,True
MainMenu.Editor.Export,Export Emote,匯出動畫,True
LicensePopup.ThirdPartyLicense.Notice,License provided by the model creator. Displayed for reference only and does not represent the EmoteLab developer’s views or legal position. ,許可資訊由模型作者提供。僅作展示，不代表 EmoteLab 開發者立場。,True
LicensePopup.ThirdPartyLicense.NotFound,"The creator of this third-party model has not provided a license or usage terms with the model. Before using this model in public, commercial, or professional contexts, you should confirm the permitted scope of use directly with the model's creator.",該第三方模型的作者未隨模型提供許可協議或使用說明。在將該模型用於公開、商業或專業場景前，建議您自行與模型作者確認其允許的使用範圍。,False
LicensePopup.Close,Close,關閉,True
MainMenu.Editor.OpenExportFolder,Open Export Folder,開啟匯出資料夾,True
MainMenu.Settings.ModelSettings.LoadSampleCharacters,Load Sample Characters for Built-in Models,載入內建模型角色示例,True
MainMenu.Settings.ModelSettings,Model Settings,模型設定,True
MainMenu.Editor.CharacterPopup.SavingCharacter,Saving Character Data...,儲存角色資料,True
MainMenu.Editor.CharacterPopup.LoadingCharacter,Loading Character...,載入角色,True
MainMenu.Info.ThirdPartyLicense,Third Party Licenses,第三方授權許可,True
MainMenu.Info.EmoteLabEULA,End User License Agreement (EULA),終端使用者許可協議（EULA）,True
MainMenu.Info.Documentation,Documentation,幫助文件,True
MainMenu.Info.Discord,Join Our Discord,加入我們的Discord,True
MainMenu.Settings.ExportSettings.PresetsInfo,"This preset sets the correct format and dimensions. Very long animations may exceed platform file size limits, and some platforms restrict certain content.",此預設會設定正確的格式和尺寸。過長的動畫可能會超出平臺檔案大小限制，某些內容可能不被特定平臺允許。,True
MainMenu.Settings.ModelSettings.OpenLocalModelFolder,Open Local Model Folder,開啟本地模型資料夾,True
MainMenu.Settings.ModelSettings.OpenCharacterFolder,Open Character Folder,開啟角色資料夾,True
MainMenu.Info.Log,Open Log Folder,開啟程式執行日誌,True
MainMenu.Settings.ExportSettings.UsingGlobalColorTable,Using Global Color Table,使用全域顏色表,True
MainMenu.Editor.ExportStatic,Export Static Image,匯出靜態圖片,True
MainMenu.Editor.Player.Speed,Speed,播放速度,True
MainMenu.Settings.StaticImageSettings,Static Image Settings,靜態圖片匯出設定,True
MainMenu.Settings.StaticImageSettings.ResetStaticImageSettings,Reset Static Image Settings,重置靜態圖片匯出設定,True
MainMenu.Settings.ExportSettings.SamplingRate,Sampling Rate,取樣頻率,True
MainMenu.Editor.Texture.Step1Instr,This toggle allows you to switch between the internal and the custom texture,這個選項允許您在內建貼圖和自訂貼圖間切換。,True
MainMenu.Editor.Texture.Step2Instr,Edit the PNGs in the Custom Texture folder. Save with transparency and do not modify image size,編輯自訂貼圖資料夾中的PNG影像，保留透明度儲存且不要改變尺寸。,True
MainMenu.Editor.Texture.Step3Instr,"After saving your edits, click this button to apply the chages to your model.",編輯完成後，點選此按鈕應用修改。,True
MainMenu.Editor.Texture.Step4Instr,Save your character. The save button is located below the character list on the left side of the interface.,儲存您的角色。儲存按鈕在左側角色列表下方。,True
MainMenu.Editor.Texture.Recommend,Please read the Using Custom Textures manual before using this feature.,請在使用前完整閱讀手冊使用自訂貼圖章節。,True
MainMenu.Editor.Texture.CustomTexture,Custom Texture,自訂貼圖,True
MainMenu.Editor.Texture.Step1,Step 1,第一步,True
MainMenu.Editor.Texture.Step2,Step 2,第二步,True
MainMenu.Editor.Texture.Step3,Step 3,第三步,True
MainMenu.Editor.Texture.Step4,Step 4,第四步,True
MainMenu.Editor.Texture.AlphaBleed,Fix Selected Outline,修復選中圖集部件邊緣,True
MainMenu.Editor.Texture.ResetAtlas,Reset Selected Atlas,重置選中圖集,True
MainMenu.Editor.Texture.TextureUtility,Texture Utility,貼圖工具,True
MainMenu.Editor.Texture.SelectAll,Select All,全選,True
MainMenu.Editor.Texture.ToggleSelection,Toggle Selection,反選,True
MainMenu.Editor.Texture.AtlasList,Atlas List,圖集列表,True
MainMenu.Editor.Texture.ResetWarning,This will reset the selected atlas pages to the built-in versions. Any unsaved edits will be lost and cannot be recovered. Continue?,此操作將把所選圖集頁面重置為內建版本。未儲存的修改將會遺失且無法恢復。是否繼續？,True
MainMenu.Settings.ExportSettings.PaletteAlgorithm,Palette Algorithm,調色盤演算法,True
MainMenu.Editor.Texture.AlphaBleedWarning,This will overwrite the selected texture files and cannot be undone. Continue?,操作會修改並覆蓋選中的 PNG 圖集檔案以修復白邊。此操作無法撤銷，是否繼續？,True
MainMenu.TranslationInfo.Message,"Some languages are translated by our community or assisted by machine translation, so quality may vary.

You can change the language in Settings.

See our <link=""https://github.com/GlycoProduction/EmoteLab-localization/graphs/contributors"">community contributors on GitHub</link>.

Want to contribute? Join us on <link=""https://discord.gg/Xt8dAV8YF7"">Discord</link>.","部分語言由社群翻譯或由機器翻譯協助完成，因此品質可能有所不同。

您可在設定中變更語言。

請在<link=""https://github.com/GlycoProduction/EmoteLab-localization/graphs/contributors"">GitHub</link>上查看我們的社群貢獻者。

想要參與？歡迎透過<link=""https://discord.gg/Xt8dAV8YF7"">Discord</link>加入我們。",False
MainMenu.TranslationInfo.DontShowAgain,Don't show this again,不再顯示,False
MainMenu.Editor.AssetTypeWS,Workshop,工作坊,False
MainMenu.Editor.WorkshopPublishPopup.Title.Model,Publish Model to Workshop,將模型發佈到Workshop,False
MainMenu.Editor.WorkshopPublishPopup.Title.Character,Publish Character to Workshop,將角色發佈到創意工坊,False
MainMenu.Editor.WorkshopPublishPopup.UploadMode,Upload mode,上傳方式,False
MainMenu.Editor.WorkshopPublishPopup.UploadMode.CreateNew,Create new item,建立新專案,False
MainMenu.Editor.WorkshopPublishPopup.UploadMode.UpdateExisting,Update existing item,更新現有項目,False
MainMenu.Editor.WorkshopPublishPopup.ItemtoUpdate,Item to update,要更新的項目,False
MainMenu.Editor.WorkshopPublishPopup.Field.Title,Title,標題,False
MainMenu.Editor.WorkshopPublishPopup.Field.Description,Description,描述,False
MainMenu.Editor.WorkshopPublishPopup.Field.Visibility,Visibility,能見度,False
MainMenu.Editor.WorkshopPublishPopup.Visibility.Public,Public,民眾,False
MainMenu.Editor.WorkshopPublishPopup.Visibility.FriendsOnly,Friends Only,僅限朋友,False
MainMenu.Editor.WorkshopPublishPopup.Visibility.Private,Private,私人的,False
MainMenu.Editor.WorkshopPublishPopup.Visibility.Unlisted,Unlisted,未上市,False
MainMenu.Editor.WorkshopPublishPopup.Field.ChangeNote,Change note,更改備註,False
MainMenu.Editor.WorkshopPublishPopup.Field.RequiredItems,Required Items (PublishedFileIds),必需項目（PublishedFileIds）,False
MainMenu.Editor.WorkshopPublishPopup.Field.PreviewImagePath,Preview image (PNG/JPG path),預覽影像（PNG/JPG 路徑）,False
MainMenu.Editor.WorkshopPublishPopup.Button.Publish,Publish,發布,False
MainMenu.Editor.WorkshopPublishPopup.Button.Cancel,Cancel,取消,False
MainMenu.Editor.WorkshopPublishPopup.Picker.Loading,(loading...),(載入中...),False
MainMenu.Editor.WorkshopPublishPopup.Picker.NoPublishedItems,(no published items),（沒有發表過的文章）,False
MainMenu.Editor.WorkshopPublishPopup.Picker.SteamNotReady,(Steam not ready),（蒸氣未準備好）,False
MainMenu.Editor.WorkshopPublishPopup.Status.WaitingForSteamMetadata,Waiting for Steam metadata...,正在等待 Steam 元數據...,False
MainMenu.Editor.WorkshopPublishPopup.Status.SelectItemToUpdate,Select a published Workshop item to update.,選擇要更新的已發布創意工坊專案。,False
MainMenu.Editor.WorkshopPublishPopup.Status.TitleRequired,Title is required.,標題為必填項。,False
MainMenu.Editor.WorkshopPublishPopup.Status.FixPreviewBeforePublishing,Fix the preview image before publishing.,發布前修復預覽影像。,False
MainMenu.Editor.WorkshopPublishPopup.Status.CreatingItem,Creating Workshop item...,正在創建創意工坊專案...,False
MainMenu.Editor.WorkshopPublishPopup.Status.UploadingItem,Uploading Workshop item...,正在上傳創意工坊專案...,False
MainMenu.Editor.WorkshopPublishPopup.Status.PreviewNotFound,Preview image file not found.,未找到預覽圖像檔案。,False
MainMenu.Editor.WorkshopPublishPopup.Status.PreviewInvalidFormat,"Preview image must be a PNG, JPG, or GIF.",預覽影像必須是 PNG、JPG 或 GIF。,False
MainMenu.Editor.WorkshopPublishPopup.Status.PreviewTooLarge,Preview image must be 1 MB or smaller (currently {0} KB).,預覽影像必須為 1 MB 或更小（目前為 {0} KB）。,False
MainMenu.Editor.WorkshopPublishPopup.Status.PreviewReadFailed,Failed to read preview image: {0},無法讀取預覽影像：{0},False
MainMenu.Editor.WorkshopPublishPopup.Status.PreviewDecodeFailed,Preview image could not be decoded.,無法解碼預覽影像。,False
MainMenu.Editor.WorkshopPublishPopup.Status.RequiredIdInvalid,Required PublishedFileId is invalid: {0},所需的 PublishedFileId 無效：{0},False
MainMenu.Editor.WorkshopPublishPopup.Status.SteamNotInitialized,Steam is not initialized.,Steam 未初始化。,False
MainMenu.Editor.WorkshopPublishPopup.Status.UploadSucceeded,Workshop item uploaded: {0},上傳的創意工坊專案：{0},False
