Key,en,zh-Hans,reviewed
MainMenu.TabHeaderLable.Editor,Editor,编辑器,True
MainMenu.Editor.CharacterPopup.DeleteCharacterPrompt,"Are you sure you want to delete character ""{0}""? This action cannot be undone.",您确定要删除角色“{0}”吗？此操作不可撤销。,True
MainMenu.Editor.CharacterPopup.OverwriteCharacterPrompt,"Character ""{0}"" already exist. Are you sure you want to overwrite character ""{0}""? This action cannot be undone.",角色“{0}”已存在。您确定要覆盖角色“{0}”吗？此操作不可撤销。,True
MainMenu.Confirm,Confirm,确认,True
MainMenu.Cancel,Cancel,取消,True
MainMenu.Editor.CharacterPopup.SaveCharacterPrompt,Please enter a character name:,请输入角色名：,True
MainMenu.Editor.Model,Models,模型,True
MainMenu.Editor.Character,Character,角色,True
MainMenu.Editor.Animation,Animation,动画,True
MainMenu.Editor.PartsSelection,Choose Parts,部件选择,True
MainMenu.Editor.PartsAdjustment,Adjustment,部件调整,True
MainMenu.Search,Search...,搜索……,True
MainMenu.Editor.SaveCharacter,Save Character,保存角色,True
MainMenu.Editor.Unload,Clear Character,重置角色,True
MainMenu.Editor.DeleteCharacter,Delete Character,删除角色,True
MainMenu.Editor.UseCustomTextures,Use Custom Textures,使用自定义贴图,True
MainMenu.Editor.ReloadTextures,Reload Textures,重新加载贴图,True
MainMenu.Editor.OpenCustomTextureFolder,Open Custom Texture Folder,打开自定义贴图文件夹,True
MainMenu.Editor.Color,Color,颜色,True
MainMenu.Editor.TintColor,TintColor,浅色,True
MainMenu.Editor.TintBlackColor,TintBlackColor,深色,True
MainMenu.Editor.LICENSE,LICENSE,使用条款,True
MainMenu.Editor.AssetTypeAA,Built-in,内置,True
MainMenu.Editor.AssetTypeSA,Third-Party,第三方,True
MainMenu.Editor.CharacterPopup.CharacterNameEmpty,Name cannot be empty.,角色名不得为空。,True
MainMenu.Editor.CharacterPopup.CharacterNameLength,Name cannot exceed {0} characters.,角色名不得超过{0}个字符。,True
MainMenu.Editor.CharacterPopup.CharacterNameInvalidCharacter,"Name cannot contain the character ""{0}"".",角色名不得包含特殊字符“{0}”。,True
MainMenu.Editor.CharacterPopup.CharacterNameReserved,"""{0}"" is a reserved name and cannot be used.",“{0}”是系统保留关键词，不能作为角色名。,True
MainMenu.Editor.CharacterPopup.CharacterNameEndWithDot,Name cannot end with a dot.,角色名不能以点结尾。,True
MainMenu.Editor.CharacterPopup.CharacterNameOnlySpaces,Name cannot contain only spaces.,角色名不能只包含空格。,True
MainMenu.Editor.UnloadCurrentModel,Unload Current Model,关闭当前模型,True
MainMenu.Settings.GeneralSettings,General Settings,一般设置,True
MainMenu.Settings.GeneralSettings.Language,Language,语言,True
MainMenu.Settings.ViewportSettings,Viewport Settings,视窗设置,True
MainMenu.Settings.ViewportSettings.ViewportZoomSpeed,Zoom Speed,模型缩放速度,True
MainMenu.Settings.ViewportSettings.ViewportRotationSpeed,Rotation Speed,模型旋转速度,True
MainMenu.Settings.ViewportSettings.ModelScale,Model Scale,模型尺寸,True
MainMenu.Settings.ViewportSettings.ModelOffsetHorizontal,Offset Horizontal,位置水平偏移,True
MainMenu.Settings.ViewportSettings.ModelOffsetVertical,Offset Vertical,位置垂直偏移,True
MainMenu.Settings.ViewportSettings.ResetViewportSettings,Reset Viewport Settings,重置视窗设置,True
MainMenu.Settings.ExportSettings,Animation Export Settings,动画输出设置,True
MainMenu.Settings.ExportSettings.SaveLocation,Save Location,保存位置,True
MainMenu.Settings.ExportSettings.ExportPresets,Export Presets,输出预置,True
MainMenu.Settings.ExportSettings.Encoder,Encoder,编码器,True
MainMenu.Settings.ExportSettings.Width,Width,宽度,True
MainMenu.Settings.ExportSettings.Height,Height,高度,True
MainMenu.Settings.ExportSettings.FPS,FPS,帧率,True
MainMenu.Settings.ExportSettings.LimitMaxFrameCount,Limit Max. Frame Count,限制最大帧数,True
MainMenu.Settings.ExportSettings.MaxFrameCount,Max. Frame Count,最大帧数,True
MainMenu.Settings.ExportSettings.AlphaThreshold,Alpha Threshold,透明阈值,True
MainMenu.Settings.ExportSettings.EnableDithering,Enable Dithering,使用颜色抖动,True
MainMenu.Settings.ExportSettings.ResetExportSettings,Reset Export Settings,重置输出设置,True
MainMenu.Editor.Export,Export Emote,导出动画,True
LicensePopup.ThirdPartyLicense.Notice,License provided by the model creator. Displayed for reference only and does not represent the EmoteLab developer’s views or legal position. ,许可信息由模型作者提供。仅作展示，不代表 EmoteLab 开发者立场。,True
LicensePopup.ThirdPartyLicense.NotFound,"The creator of this third-party model has not provided a license or usage terms with the model. Before using this model in public, commercial, or professional contexts, you should confirm the permitted scope of use directly with the model's creator.",该第三方模型的作者未随模型提供许可协议或使用说明。在将该模型用于公开、商业或专业场景前，建议您自行与模型作者确认其允许的使用范围。,True
LicensePopup.Close,Close,关闭,True
MainMenu.Editor.OpenExportFolder,Open Export Folder,打开输出文件夹,True
MainMenu.Settings.ModelSettings.LoadSampleCharacters,Load Sample Characters for Built-in Models,加载内置模型角色示例,True
MainMenu.Settings.ModelSettings,Model Settings,模型设置,True
MainMenu.Editor.CharacterPopup.SavingCharacter,Saving Character Data...,保存角色数据,True
MainMenu.Editor.CharacterPopup.LoadingCharacter,Loading Character...,加载角色,True
MainMenu.Info.ThirdPartyLicense,Third Party Licenses,第三方授权许可,True
MainMenu.Info.EmoteLabEULA,End User License Agreement (EULA),最终用户许可协议（EULA）,True
MainMenu.Info.Documentation,Documentation,帮助文档,True
MainMenu.Info.Discord,Join Our Discord,加入我们的Discord,True
MainMenu.Settings.ExportSettings.PresetsInfo,"This preset sets the correct format and dimensions. Very long animations may exceed platform file size limits, and some platforms restrict certain content.",此预设会设置正确的格式和尺寸。过长的动画可能会超出平台文件大小限制，某些内容可能不被特定平台允许。,True
MainMenu.Settings.ModelSettings.OpenLocalModelFolder,Open Local Model Folder,打开本地模型文件夹,True
MainMenu.Settings.ModelSettings.OpenCharacterFolder,Open Character Folder,打开角色文件夹,True
MainMenu.Info.Log,Open Log Folder,打开程序运行日志,True
MainMenu.Settings.ExportSettings.UsingGlobalColorTable,Using Global Color Table,使用全局颜色表,True
MainMenu.Editor.ExportStatic,Export Static Image,导出静态图片,True
MainMenu.Editor.Player.Speed,Speed,播放速度,True
MainMenu.Settings.StaticImageSettings,Static Image Settings,静态图片输出设置,True
MainMenu.Settings.StaticImageSettings.ResetStaticImageSettings,Reset Static Image Settings,重置静态图片输出设置,True
MainMenu.Settings.ExportSettings.SamplingRate,Sampling Rate,取样频率,True
MainMenu.Editor.Texture.Step1Instr,This toggle allows you to switch between the internal and the custom texture,这个选项允许您在内置贴图和自定义贴图间切换。,True
MainMenu.Editor.Texture.Step2Instr,Edit the PNGs in the Custom Texture folder. Save with transparency and do not modify image size,编辑自定义贴图文件夹中的PNG图像，保留透明度保存且不要改变尺寸。,True
MainMenu.Editor.Texture.Step3Instr,"After saving your edits, click this button to apply the chages to your model.",编辑完成后，点击此按钮应用修改。,True
MainMenu.Editor.Texture.Step4Instr,Save your character. The save button is located below the character list on the left side of the interface.,保存您的角色。保存按钮在左侧角色列表下方。,True
MainMenu.Editor.Texture.Recommend,Please read the Using Custom Textures manual before using this feature.,请在使用前完整阅读手册使用自定义贴图章节。,True
MainMenu.Editor.Texture.CustomTexture,Custom Texture,自定义贴图,True
MainMenu.Editor.Texture.Step1,Step 1,第一步,True
MainMenu.Editor.Texture.Step2,Step 2,第二步,True
MainMenu.Editor.Texture.Step3,Step 3,第三步,True
MainMenu.Editor.Texture.Step4,Step 4,第四步,True
MainMenu.Editor.Texture.AlphaBleed,Fix Selected Outline,修复选中图集部件边缘,True
MainMenu.Editor.Texture.ResetAtlas,Reset Selected Atlas,重置选中图集,True
MainMenu.Editor.Texture.TextureUtility,Texture Utility,贴图工具,True
MainMenu.Editor.Texture.SelectAll,Select All,全选,True
MainMenu.Editor.Texture.ToggleSelection,Toggle Selection,反选,True
MainMenu.Editor.Texture.AtlasList,Atlas List,图集列表,True
MainMenu.Editor.Texture.ResetWarning,This will reset the selected atlas pages to the built-in versions. Any unsaved edits will be lost and cannot be recovered. Continue?,此操作将把所选图集页面重置为内置版本。未保存的修改将丢失且无法恢复。是否继续？,True
MainMenu.Settings.ExportSettings.PaletteAlgorithm,Palette Algorithm,色板算法,True
MainMenu.Editor.Texture.AlphaBleedWarning,This will overwrite the selected texture files and cannot be undone. Continue?,操作会修改并覆盖选中的 PNG 图集文件以修复白边。此操作无法撤销，是否继续？,True
MainMenu.TranslationInfo.Message,"Some languages are translated by our community or assisted by machine translation, so quality may vary.

You can change the language in Settings.

See our {0}.

Want to contribute? Join us on {1}.","部分语言由我们的社区翻译或由机器翻译协助完成，因此质量可能有所不同。

您可在设置中更改语言。

请在{0}上查看我们的社区贡献者。

想要参与？欢迎通过{1}加入我们。",True
MainMenu.TranslationInfo.ContributorsLinkLabel,community contributors on GitHub,GitHub 上的社区贡献者,True
MainMenu.TranslationInfo.DontShowAgain,Don't show this again,不再显示,True
MainMenu.Editor.AssetTypeWS,Workshop,创意工坊,True
MainMenu.Editor.WorkshopPublishPopup.Title.Model,Publish Model to Workshop,将模型发布至创意工坊,True
MainMenu.Editor.WorkshopPublishPopup.Title.Character,Publish Character to Workshop,将角色发布至创意工坊,True
MainMenu.Editor.WorkshopPublishPopup.UploadMode,Upload mode,上传方式,True
MainMenu.Editor.WorkshopPublishPopup.UploadMode.CreateNew,Create new item,创建新物品,True
MainMenu.Editor.WorkshopPublishPopup.UploadMode.UpdateExisting,Update existing item,更新现有物品,True
MainMenu.Editor.WorkshopPublishPopup.ItemtoUpdate,Item to update,需要更新的物品,True
MainMenu.Editor.WorkshopPublishPopup.Field.Title,Title,标题,True
MainMenu.Editor.WorkshopPublishPopup.Field.Description,Description,描述,True
MainMenu.Editor.WorkshopPublishPopup.Field.Visibility,Visibility,可见性,True
MainMenu.Editor.WorkshopPublishPopup.Visibility.Public,Public,公开,True
MainMenu.Editor.WorkshopPublishPopup.Visibility.FriendsOnly,Friends Only,仅限好友,True
MainMenu.Editor.WorkshopPublishPopup.Visibility.Private,Private,隐藏,True
MainMenu.Editor.WorkshopPublishPopup.Visibility.Unlisted,Unlisted,非公开,True
MainMenu.Editor.WorkshopPublishPopup.Field.ChangeNote,Change note,改动说明,True
MainMenu.Editor.WorkshopPublishPopup.Field.RequiredItems,Required Items (PublishedFileIds),必需物品（PublishedFileIds）,True
MainMenu.Editor.WorkshopPublishPopup.Field.PreviewImagePath,Preview image (PNG/JPG path),预览图像（PNG/JPG 路径）,True
MainMenu.Editor.WorkshopPublishPopup.Button.Publish,Publish,发布,True
MainMenu.Editor.WorkshopPublishPopup.Button.Cancel,Cancel,取消,True
MainMenu.Editor.WorkshopPublishPopup.Picker.Loading,(loading...),（加载中...）,True
MainMenu.Editor.WorkshopPublishPopup.Picker.NoPublishedItems,(no published items),（没有发布过的物品）,True
MainMenu.Editor.WorkshopPublishPopup.Picker.SteamNotReady,(Steam not ready),（Steam未准备好）,True
MainMenu.Editor.WorkshopPublishPopup.Status.WaitingForSteamMetadata,Waiting for Steam metadata...,正在等待 Steam 元数据...,True
MainMenu.Editor.WorkshopPublishPopup.Status.SelectItemToUpdate,Select a published Workshop item to update.,请选择要更新的已发布创意工坊物品。,True
MainMenu.Editor.WorkshopPublishPopup.Status.TitleRequired,Title is required.,标题为必填项。,True
MainMenu.Editor.WorkshopPublishPopup.Status.FixPreviewBeforePublishing,Fix the preview image before publishing.,发布前请修复预览图像。,True
MainMenu.Editor.WorkshopPublishPopup.Status.CreatingItem,Creating Workshop item...,正在创建创意工坊物品...,True
MainMenu.Editor.WorkshopPublishPopup.Status.UploadingItem,Uploading Workshop item...,正在上传创意工坊物品...,True
MainMenu.Editor.WorkshopPublishPopup.Status.PreviewNotFound,Preview image file not found.,未找到预览图像文件。,True
MainMenu.Editor.WorkshopPublishPopup.Status.PreviewInvalidFormat,"Preview image must be a PNG, JPG, or GIF.",预览图像必须是 PNG、JPG 或 GIF。,True
MainMenu.Editor.WorkshopPublishPopup.Status.PreviewTooLarge,Preview image must be 1 MB or smaller (currently {0} KB).,预览图像必须为 1 MB 或更小（当前为 {0} KB）。,True
MainMenu.Editor.WorkshopPublishPopup.Status.PreviewReadFailed,Failed to read preview image: {0},无法读取预览图像：{0},True
MainMenu.Editor.WorkshopPublishPopup.Status.PreviewDecodeFailed,Preview image could not be decoded.,无法解码预览图像。,True
MainMenu.Editor.WorkshopPublishPopup.Status.RequiredIdInvalid,Required PublishedFileId is invalid: {0},所需的 PublishedFileId 无效：{0},True
MainMenu.Editor.WorkshopPublishPopup.Status.SteamNotInitialized,Steam is not initialized.,Steam 未初始化。,True
MainMenu.Editor.WorkshopPublishPopup.Status.UploadSucceeded,Workshop item uploaded: {0},上传的创意工坊物品：{0},True
MainMenu.Editor.WorkshopPublishPopup.Status.TempFolderModified,Publish staging files were modified. Close this dialog and publish again.,发布暂存文件被修改。关闭此对话框并再次发布。,True
MainMenu.Editor.WorkshopPublishPopup.Status.ValidatingRequiredItems,Verifying required Workshop items...,正在验证所需的创意工坊物品...,True
MainMenu.Editor.WorkshopPublishPopup.Status.RequiredIdsQueryFailed,Failed to verify required Workshop items.,无法验证所需的创意工坊物品。,True
MainMenu.Editor.WorkshopPublishPopup.Status.RequiredIdNotFound,Workshop item {0} was not found or is not accessible.,找不到或无法访问创意工坊项目 {0}。,True
MainMenu.Editor.WorkshopPublishPopup.Status.RequiredIdWrongApp,Workshop item {0} does not belong to this app.,创意工坊项目 {0} 不属于此应用程序。,True
MainMenu.Editor.WorkshopPublishPopup.Status.ViewportCaptureFailed,Viewport capture failed: {0},视口捕获失败：{0},True
MainMenu.Editor.WorkshopPublishPopup.Status.ViewportCaptureSucceeded,Preview captured from viewport.,从视口捕获预览图像。,True
